date,latitude,longitude,parameter,value,location,source
2026-01-18 03:10:14.564549,28.487108371907283,77.3107530712361,pm25,106.37867793578762,Delhi,MOCK_DATA
2026-01-17 18:10:14.564755,28.585313875232767,77.1905628916922,pm25,212.38560131081215,Delhi,MOCK_DATA
2026-01-20 04:10:14.564816,28.597083900514203,77.28610721792877,pm25,205.94525721549883,Delhi,MOCK_DATA
2026-01-19 21:10:14.564834,28.714993523542205,77.30586048779159,pm25,196.45685586623372,Delhi,MOCK_DATA
2026-01-18 23:10:14.564849,28.67355474441223,77.29027433255608,pm25,171.54713222589868,Delhi,MOCK_DATA
2026-01-17 17:10:14.564864,28.62265294685822,77.26734864145465,pm25,178.03836902974984,Delhi,MOCK_DATA
2026-01-18 18:10:14.564886,28.64571719901802,77.3001310465868,pm25,202.0749576893449,Delhi,MOCK_DATA
2026-01-19 02:10:14.564899,28.596249434357883,77.34004650807725,pm25,144.35255642989455,Delhi,MOCK_DATA
2026-01-17 19:10:14.564913,28.525242563752442,77.24615223389745,pm25,200.37288514000207,Delhi,MOCK_DATA
2026-01-18 00:10:14.564928,28.654551546237023,77.35000881310806,pm25,148.1104582268849,Delhi,MOCK_DATA
2026-01-17 16:10:14.564940,28.69692920123255,77.26493081528224,pm25,122.13555424098033,Delhi,MOCK_DATA
2026-01-18 22:10:14.564953,28.72003741885998,77.1542015688959,pm25,214.76067091432523,Delhi,MOCK_DATA
2026-01-19 12:10:14.564966,28.61874670865126,77.21382159748751,pm25,105.61374164711991,Delhi,MOCK_DATA
2026-01-18 13:10:14.564978,28.585558903308495,77.07186344576687,pm25,117.12318204335541,Delhi,MOCK_DATA
2026-01-20 06:10:14.564991,28.590830350690773,77.13468796792738,pm25,173.26486182291276,Delhi,MOCK_DATA
2026-01-18 06:10:14.565005,28.497153899157443,77.10869883508698,pm25,173.43426937514738,Delhi,MOCK_DATA
2026-01-18 19:10:14.565018,28.656685368564926,77.30204861694929,pm25,161.72115675555668,Delhi,MOCK_DATA
2026-01-17 16:10:14.565031,28.645397724403974,77.15833407992118,pm25,212.875832010875,Delhi,MOCK_DATA
2026-01-18 22:10:14.565045,28.728488453281432,77.19024686777178,pm25,159.33918084613205,Delhi,MOCK_DATA
2026-01-17 16:10:14.565058,28.578658440171147,77.21955333840015,pm25,184.6639166072183,Delhi,MOCK_DATA
2026-01-17 19:10:14.565123,28.71112651987458,77.3275252448259,pm25,106.72881278538617,Delhi,MOCK_DATA
2026-01-17 23:10:14.565139,28.595223431493107,77.09530856715212,pm25,217.50185246657514,Delhi,MOCK_DATA
2026-01-17 15:10:14.565152,28.696130871865645,77.32979530090994,pm25,124.52927615892291,Delhi,MOCK_DATA
2026-01-20 02:10:14.565164,28.53279368691956,77.28282736576399,pm25,190.92960547563536,Delhi,MOCK_DATA
2026-01-17 23:10:14.565179,28.5663960079584,77.28798542233228,pm25,185.42280990919028,Delhi,MOCK_DATA
2026-01-17 11:10:14.565652,28.63648070563935,77.11645044582328,pm10,234.30650750036284,Delhi,MOCK_DATA
2026-01-17 09:10:14.565761,28.517635396015063,77.19445456048457,pm10,250.2030903590647,Delhi,MOCK_DATA
2026-01-19 04:10:14.565806,28.593803615124127,77.19661909428011,pm10,209.1969365976602,Delhi,MOCK_DATA
2026-01-20 02:10:14.565842,28.625020933905184,77.21668938735375,pm10,299.6850833459798,Delhi,MOCK_DATA
2026-01-18 04:10:14.565879,28.473569616272904,77.32257312751591,pm10,223.97041361769254,Delhi,MOCK_DATA
2026-01-18 12:10:14.565914,28.55283676503966,77.12492764349265,pm10,159.02441131955842,Delhi,MOCK_DATA
2026-01-18 04:10:14.565948,28.653580945630157,77.28202396067796,pm10,212.31552513701152,Delhi,MOCK_DATA
2026-01-19 22:10:14.565982,28.55833807327462,77.19469502234804,pm10,220.62986910541065,Delhi,MOCK_DATA
2026-01-18 21:10:14.566104,28.56020002543784,77.08203778552847,pm10,248.06301257461752,Delhi,MOCK_DATA
2026-01-18 09:10:14.566139,28.655171826977536,77.15850722363314,pm10,201.27742950293975,Delhi,MOCK_DATA
2026-01-17 12:10:14.566163,28.73082250684756,77.22392019623562,pm10,207.28961293860843,Delhi,MOCK_DATA
2026-01-17 21:10:14.566190,28.725830981599223,77.24469749144411,pm10,162.2578342719035,Delhi,MOCK_DATA
2026-01-19 11:10:14.566640,28.665746475318112,77.12809405740927,no2,44.72825238268373,Delhi,MOCK_DATA
2026-01-17 21:10:14.566737,28.65674369105818,77.33698376426109,no2,102.87634885980668,Delhi,MOCK_DATA
2026-01-19 07:10:14.566783,28.724336977755307,77.22868184854543,no2,88.21384374404153,Delhi,MOCK_DATA
2026-01-18 13:10:14.566820,28.660667958867993,77.2951888417282,no2,77.32201161348546,Delhi,MOCK_DATA
2026-01-17 17:10:14.566857,28.550417642704865,77.35092038054519,no2,67.11813935212328,Delhi,MOCK_DATA
2026-01-19 05:10:14.566898,28.492564857526325,77.34139719807726,no2,71.03019934353173,Delhi,MOCK_DATA
2026-01-20 06:10:14.566930,28.740413925398617,77.31059702758637,no2,84.93731831916902,Delhi,MOCK_DATA
2026-01-17 13:10:14.566965,28.504780902087955,77.27536487689709,no2,92.14598890636208,Delhi,MOCK_DATA
2026-01-18 03:10:14.567394,28.747745490860936,77.07110991743241,so2,48.94591573599646,Delhi,MOCK_DATA
2026-01-18 01:10:14.567484,28.746620735614645,77.27510899804585,so2,46.1430983133363,Delhi,MOCK_DATA
2026-01-19 07:10:14.567528,28.47470312507032,77.2380799342772,so2,58.87847377911501,Delhi,MOCK_DATA
2026-01-18 09:10:14.567566,28.584867185255618,77.1614272116194,so2,45.60887031329921,Delhi,MOCK_DATA
2026-01-17 15:10:14.567603,28.503865526455336,77.26733679428499,so2,57.597441339430844,Delhi,MOCK_DATA
2026-01-18 11:10:14.567639,28.757495773364635,77.1060788034608,so2,22.034075101292228,Delhi,MOCK_DATA
2026-01-19 02:10:14.567949,28.585110559724395,77.21103575920007,co,4.633014001316323,Delhi,MOCK_DATA
2026-01-18 04:10:14.568044,28.74185584319657,77.2075261253203,co,1.2819843502647679,Delhi,MOCK_DATA
2026-01-17 15:10:14.568082,28.717172642796726,77.29046881333132,co,3.8948229505026295,Delhi,MOCK_DATA
2026-01-20 03:10:14.568111,28.512299814175584,77.15069789918601,co,3.2746203176663116,Delhi,MOCK_DATA
2026-01-18 18:10:14.568150,28.741841480397184,77.19449090250986,co,2.169802644727951,Delhi,MOCK_DATA
2026-01-18 01:10:14.569658,28.64666478396774,77.32444633409064,o3,74.00771133016742,Delhi,MOCK_DATA
2026-01-18 07:10:14.569967,28.72686502239054,77.06853632659102,o3,100.0236101518974,Delhi,MOCK_DATA
2026-01-18 14:10:14.570031,28.671478237376117,77.28810515793765,o3,57.318886682795736,Delhi,MOCK_DATA
2026-01-18 19:10:14.570079,28.637454574277534,77.13463073173413,o3,104.74945438964939,Delhi,MOCK_DATA
2026-01-17 18:10:14.570128,28.69482299869249,77.35436164532125,o3,67.41654096753727,Delhi,MOCK_DATA
2026-01-17 21:10:14.570173,28.524459135961255,77.23397385834676,o3,116.96780614676759,Delhi,MOCK_DATA
2026-01-17 14:10:14.570225,28.726311613398007,77.19458091435268,pm25,204.92782352274685,Delhi NCR,MOCK_DATA
2026-01-19 10:10:14.570266,28.817221014072285,77.0974787342565,pm25,127.85766955658714,Delhi NCR,MOCK_DATA
2026-01-17 08:10:14.570307,28.84272256558077,77.13690311606403,pm25,177.7283452893264,Delhi NCR,MOCK_DATA
2026-01-18 22:10:14.570370,28.788531780208412,77.12748411274221,pm25,166.34886901705346,Delhi NCR,MOCK_DATA
2026-01-19 22:10:14.570407,28.565722600267087,77.20725954646589,pm25,140.58773475551772,Delhi NCR,MOCK_DATA
2026-01-19 20:10:14.570453,28.772062205803287,77.1049012488649,pm25,110.04525145332211,Delhi NCR,MOCK_DATA
2026-01-19 08:10:14.570486,28.69173628122873,77.16204209034203,pm25,207.3865306978493,Delhi NCR,MOCK_DATA
2026-01-19 16:10:14.570523,28.65945003515111,77.11525927640848,pm25,131.29478352939034,Delhi NCR,MOCK_DATA
2026-01-19 15:10:14.570558,28.68726116336955,77.20340708734868,pm25,197.92088723264038,Delhi NCR,MOCK_DATA
2026-01-18 08:10:14.570583,28.59072565398665,77.15066260232808,pm25,98.09306108890462,Delhi NCR,MOCK_DATA
2026-01-18 12:10:14.570606,28.685026193774018,77.24848409261838,pm25,168.6816829937892,Delhi NCR,MOCK_DATA
2026-01-20 01:10:14.570629,28.719521214368115,77.09062285705097,pm25,148.61026964868827,Delhi NCR,MOCK_DATA
2026-01-19 14:10:14.570654,28.817375731336604,77.10337846789335,pm25,176.77668043159517,Delhi NCR,MOCK_DATA
2026-01-17 14:10:14.570679,28.754479870026923,76.97919631312728,pm25,134.02724706487646,Delhi NCR,MOCK_DATA
2026-01-17 10:10:14.570705,28.768606406190766,77.08307189577489,pm25,155.56725610677208,Delhi NCR,MOCK_DATA
2026-01-20 03:10:14.570734,28.77562939573863,77.15215519170877,pm25,155.1805806228591,Delhi NCR,MOCK_DATA
2026-01-18 09:10:14.570759,28.721862402770363,77.19988031708012,pm25,147.61155873444562,Delhi NCR,MOCK_DATA
2026-01-18 23:10:14.570859,28.5809733281856,77.1809801022251,pm25,130.12681889462417,Delhi NCR,MOCK_DATA
2026-01-18 05:10:14.570885,28.619952224380924,77.12871732132406,pm25,115.2031979107877,Delhi NCR,MOCK_DATA
2026-01-19 14:10:14.570905,28.840434135112016,77.0655750995286,pm25,134.21284478014198,Delhi NCR,MOCK_DATA
2026-01-18 20:10:14.570926,28.559255854022336,77.00006382138388,pm25,161.9785468079621,Delhi NCR,MOCK_DATA
2026-01-19 02:10:14.570947,28.68688808731532,77.009606526406,pm25,155.0417484398291,Delhi NCR,MOCK_DATA
2026-01-18 08:10:14.570974,28.609892479508833,77.15802941216744,pm25,200.32331871367302,Delhi NCR,MOCK_DATA
2026-01-18 05:10:14.570995,28.67169169489821,77.16568060642605,pm25,154.01989834380734,Delhi NCR,MOCK_DATA
2026-01-17 18:10:14.571017,28.604985110489885,77.12718953449127,pm25,126.40047861995534,Delhi NCR,MOCK_DATA
2026-01-19 20:10:14.571046,28.572972413380075,77.16871835893218,pm10,295.17437156438575,Delhi NCR,MOCK_DATA
2026-01-18 12:10:14.571069,28.60763868506219,77.08876494116431,pm10,305.5565715487844,Delhi NCR,MOCK_DATA
2026-01-17 21:10:14.571090,28.82969852952324,77.17987082406277,pm10,248.41233745212315,Delhi NCR,MOCK_DATA
2026-01-17 23:10:14.571115,28.83792556664863,77.06344811504344,pm10,189.68830655021856,Delhi NCR,MOCK_DATA
2026-01-19 01:10:14.571140,28.84396123140742,77.09260800993151,pm10,246.9388975137909,Delhi NCR,MOCK_DATA
2026-01-18 02:10:14.571156,28.58959683407604,77.08635643654402,pm10,235.0990739802067,Delhi NCR,MOCK_DATA
2026-01-19 12:10:14.571185,28.791101742773094,77.10158279771926,pm10,157.13047734966662,Delhi NCR,MOCK_DATA
2026-01-17 13:10:14.571211,28.586482935194493,77.0938698063619,pm10,269.20477088510296,Delhi NCR,MOCK_DATA
2026-01-17 17:10:14.571237,28.626453553871915,77.04260007584924,pm10,212.62516809576078,Delhi NCR,MOCK_DATA
2026-01-18 09:10:14.571264,28.796037388429397,77.19796825315538,pm10,277.9848706116151,Delhi NCR,MOCK_DATA
2026-01-18 22:10:14.571293,28.74509662109463,77.15114107177584,pm10,259.15874111908147,Delhi NCR,MOCK_DATA
2026-01-18 09:10:14.571326,28.688964683167278,77.00028080935493,pm10,237.17203516978526,Delhi NCR,MOCK_DATA
2026-01-19 07:10:14.571349,28.59410282688645,76.96473029127536,no2,109.10678896882719,Delhi NCR,MOCK_DATA
2026-01-18 10:10:14.571364,28.81102354457045,77.12032289055487,no2,103.89719075978849,Delhi NCR,MOCK_DATA
2026-01-17 16:10:14.572572,28.710787824124854,76.97803042781207,no2,35.84212018686776,Delhi NCR,MOCK_DATA
2026-01-17 17:10:14.572648,28.616487564398415,77.05728820453403,no2,30.84989740320963,Delhi NCR,MOCK_DATA
2026-01-17 11:10:14.572667,28.625164902903304,77.0266583838913,no2,116.11126074353376,Delhi NCR,MOCK_DATA
2026-01-19 14:10:14.572689,28.73141856026672,77.22591057602195,no2,117.24328455972324,Delhi NCR,MOCK_DATA
2026-01-17 22:10:14.572706,28.594682812548648,77.0253745524951,no2,39.88728110521152,Delhi NCR,MOCK_DATA
2026-01-19 06:10:14.572720,28.556493914123745,77.17883815480081,no2,106.43135463871742,Delhi NCR,MOCK_DATA
2026-01-18 18:10:14.572738,28.78596667087727,77.19852374229825,so2,24.496490791300506,Delhi NCR,MOCK_DATA
2026-01-17 16:10:14.572753,28.59780785285383,77.1528817668681,so2,48.13250789065208,Delhi NCR,MOCK_DATA
2026-01-19 18:10:14.572773,28.58383333221129,77.01836122212178,so2,55.578768941517,Delhi NCR,MOCK_DATA
2026-01-18 01:10:14.572791,28.775470148005237,77.17917521380227,so2,45.49591991951837,Delhi NCR,MOCK_DATA
2026-01-19 19:10:14.572805,28.765399465038456,77.13201855063447,so2,52.16845471359906,Delhi NCR,MOCK_DATA
2026-01-18 19:10:14.572820,28.760848029744057,77.04611235793658,so2,29.506479007690235,Delhi NCR,MOCK_DATA
2026-01-19 05:10:14.572836,28.62334014686075,76.99706749781298,co,3.280463708288636,Delhi NCR,MOCK_DATA
2026-01-19 00:10:14.572851,28.560901419580446,77.1544291466011,co,1.3845378056469866,Delhi NCR,MOCK_DATA
2026-01-19 22:10:14.572866,28.71961774717386,77.03866026285732,co,3.2391795736514717,Delhi NCR,MOCK_DATA
2026-01-18 01:10:14.572880,28.724709169505125,76.97964223265217,co,2.0190173422742674,Delhi NCR,MOCK_DATA
2026-01-19 17:10:14.572895,28.6240032448323,77.23122604841598,co,4.050349266618076,Delhi NCR,MOCK_DATA
2026-01-19 14:10:14.572911,28.624265909885615,76.99540821030918,o3,72.54510502587604,Delhi NCR,MOCK_DATA
2026-01-17 20:10:14.572926,28.732858913684254,77.10881440414039,o3,75.83933269212451,Delhi NCR,MOCK_DATA
2026-01-19 05:10:14.572941,28.601193589337022,77.22139065414432,o3,99.85278809127666,Delhi NCR,MOCK_DATA
2026-01-19 14:10:14.572956,28.707616792280056,77.22485964438252,o3,42.1089478590591,Delhi NCR,MOCK_DATA
2026-01-20 03:10:14.572971,28.55218288248987,77.1582145726384,o3,51.007873603391104,Delhi NCR,MOCK_DATA
2026-01-18 22:10:14.572988,28.578955004676633,77.1042558938576,o3,62.08979225989892,Delhi NCR,MOCK_DATA
2026-01-18 19:10:14.573003,19.19155616471063,72.87395473204194,pm25,71.97843479803946,Mumbai,MOCK_DATA
2026-01-18 16:10:14.573017,19.00838289723938,72.87713600271817,pm25,70.42571552359517,Mumbai,MOCK_DATA
2026-01-20 05:10:14.573031,19.151534547655086,72.99812610915767,pm25,107.34123086672147,Mumbai,MOCK_DATA
2026-01-18 01:10:14.573044,19.2147126893428,72.88497542506587,pm25,103.78525394155955,Mumbai,MOCK_DATA
2026-01-19 16:10:14.573058,19.229743082385202,72.87759482190644,pm25,90.73931320237946,Mumbai,MOCK_DATA
2026-01-19 15:10:14.573073,18.983001027268877,72.87303330822245,pm25,103.46304935167365,Mumbai,MOCK_DATA
2026-01-18 05:10:14.573086,19.082747191015915,72.95785934811563,pm25,112.81264212857185,Mumbai,MOCK_DATA
2026-01-18 22:10:14.573100,19.206774585027034,72.88239983477555,pm25,147.58733144078508,Mumbai,MOCK_DATA
2026-01-19 05:10:14.573114,19.059501726300862,72.79486528504792,pm25,149.58976091790265,Mumbai,MOCK_DATA
2026-01-19 03:10:14.573127,19.033725232740053,72.93878312076136,pm25,119.29196604905815,Mumbai,MOCK_DATA
2026-01-20 04:10:14.573140,18.968525673428225,72.9150385900148,pm25,112.28532142058775,Mumbai,MOCK_DATA
2026-01-18 17:10:14.573154,19.169295722312597,73.0091426625012,pm25,146.5627346923976,Mumbai,MOCK_DATA
2026-01-18 07:10:14.573167,19.09760189949934,72.95366032712364,pm25,141.63842556408474,Mumbai,MOCK_DATA
2026-01-18 06:10:14.573181,19.0487507977067,72.89855792404501,pm25,80.56571663855948,Mumbai,MOCK_DATA
2026-01-18 02:10:14.573194,19.032110144868437,72.95482063687705,pm25,146.68136362850288,Mumbai,MOCK_DATA
2026-01-19 10:10:14.573207,18.980923775882058,72.79101766975404,pm25,106.39073868364163,Mumbai,MOCK_DATA
2026-01-19 12:10:14.573221,19.190199851063966,72.96182148626019,pm25,110.38421826001766,Mumbai,MOCK_DATA
2026-01-17 11:10:14.573234,19.05042238534587,72.83083158564826,pm25,112.06546785141558,Mumbai,MOCK_DATA
2026-01-17 10:10:14.573250,19.165767361245937,72.96240630574208,pm25,145.97233291813544,Mumbai,MOCK_DATA
2026-01-18 10:10:14.573277,19.14871443656149,72.94956887261912,pm25,118.03168271493604,Mumbai,MOCK_DATA
2026-01-19 06:10:14.573300,19.175415815638768,72.82934232602913,pm25,129.35865384430107,Mumbai,MOCK_DATA
2026-01-18 23:10:14.573327,19.068741479847947,72.82486464071606,pm25,110.58262737111254,Mumbai,MOCK_DATA
2026-01-17 09:10:14.573363,19.19030683875881,72.89757837344783,pm25,145.33955424648596,Mumbai,MOCK_DATA
2026-01-19 12:10:14.573389,19.229702962609412,72.82243347507668,pm25,134.41487964353874,Mumbai,MOCK_DATA
2026-01-17 18:10:14.573405,18.996580978697708,72.77524963057569,pm25,126.04130070039594,Mumbai,MOCK_DATA
2026-01-20 01:10:14.573426,19.207475616890765,73.0030588023726,pm10,158.7400253987808,Mumbai,MOCK_DATA
2026-01-18 02:10:14.573440,19.009128795002212,72.94477484971925,pm10,126.65811909390276,Mumbai,MOCK_DATA
2026-01-17 12:10:14.573460,19.22121019767394,72.99022368503387,pm10,203.00036214958658,Mumbai,MOCK_DATA
2026-01-17 11:10:14.573512,19.15721435069423,72.82269941885643,pm10,122.4472846516606,Mumbai,MOCK_DATA
2026-01-19 03:10:14.573533,18.986599148864467,72.99536305179643,pm10,131.3506613256207,Mumbai,MOCK_DATA
2026-01-18 11:10:14.573551,18.964534677215514,72.91477891121593,pm10,203.15394891483487,Mumbai,MOCK_DATA
2026-01-17 12:10:14.573565,19.01135466169881,72.96661431957585,pm10,122.49407563812473,Mumbai,MOCK_DATA
2026-01-17 20:10:14.573578,19.07913109772539,72.75959232171016,pm10,159.8908887565232,Mumbai,MOCK_DATA
2026-01-19 16:10:14.573594,18.938009510097157,72.89657796997304,pm10,176.6913362216455,Mumbai,MOCK_DATA
2026-01-18 05:10:14.573612,19.095727455178174,72.88552291586197,pm10,178.10140377392295,Mumbai,MOCK_DATA
2026-01-19 20:10:14.573626,18.93810231319899,72.8701069696612,pm10,134.14962012073724,Mumbai,MOCK_DATA
2026-01-19 08:10:14.573641,18.93187147181656,72.9837442773592,pm10,124.09045288353283,Mumbai,MOCK_DATA
2026-01-19 09:10:14.573678,19.211303307442336,72.92158726299655,no2,63.18073696649755,Mumbai,MOCK_DATA
2026-01-17 16:10:14.573698,19.030406978188775,72.98086561879282,no2,39.8530952406948,Mumbai,MOCK_DATA
2026-01-18 02:10:14.573712,19.155310968525157,72.80843838086207,no2,42.96124569999455,Mumbai,MOCK_DATA
2026-01-19 03:10:14.573727,19.04797994902681,72.9017991720369,no2,97.09227786269808,Mumbai,MOCK_DATA
2026-01-17 08:10:14.573741,18.949343691594027,72.9496211473078,no2,40.34516285648384,Mumbai,MOCK_DATA
2026-01-19 17:10:14.573755,19.017182181874656,72.83802358546843,no2,51.7259793843552,Mumbai,MOCK_DATA
2026-01-17 15:10:14.573769,19.020552620251184,72.88983202203185,no2,33.07601219658755,Mumbai,MOCK_DATA
2026-01-17 14:10:14.573786,18.939140123613228,72.77815224560746,no2,76.68118139687121,Mumbai,MOCK_DATA
2026-01-17 22:10:14.573805,18.955526002730746,72.74815378915586,so2,41.93749954607998,Mumbai,MOCK_DATA
2026-01-19 22:10:14.573824,19.15529439977088,72.76341845874745,so2,30.131875112607304,Mumbai,MOCK_DATA
2026-01-17 12:10:14.573838,18.986672692525396,72.81013756128593,so2,50.45912899720412,Mumbai,MOCK_DATA
2026-01-18 15:10:14.573853,19.166149010910093,72.9215704405846,so2,17.67289819038956,Mumbai,MOCK_DATA
2026-01-19 08:10:14.573872,19.038604868917343,72.9916207685875,so2,57.4208968802227,Mumbai,MOCK_DATA
2026-01-19 01:10:14.573888,19.103567440885122,72.97475017349596,so2,38.268101175900796,Mumbai,MOCK_DATA
2026-01-17 16:10:14.573906,19.180331136063142,72.85196038388654,co,3.7020513801804626,Mumbai,MOCK_DATA
2026-01-18 03:10:14.573922,19.12545432978664,72.83145180981282,co,3.687697151236642,Mumbai,MOCK_DATA
2026-01-17 12:10:14.573936,19.060332462411676,72.81871371639255,co,2.2458604139700165,Mumbai,MOCK_DATA
2026-01-19 23:10:14.573950,19.025357408946398,72.75696097482233,co,3.8457302709211616,Mumbai,MOCK_DATA
2026-01-18 23:10:14.573965,19.208153128591842,72.83823275357454,co,3.830983445905456,Mumbai,MOCK_DATA
2026-01-17 22:10:14.573980,19.026112889317663,72.84416204402478,o3,85.92705196467651,Mumbai,MOCK_DATA
2026-01-18 22:10:14.573995,19.054644757569513,72.79134533868704,o3,64.56668970823458,Mumbai,MOCK_DATA
2026-01-18 00:10:14.574011,19.1183234477224,72.97038544147182,o3,95.65156626823341,Mumbai,MOCK_DATA
2026-01-17 16:10:14.574026,19.07066628437011,72.82093929646713,o3,69.86598507888411,Mumbai,MOCK_DATA
2026-01-17 14:10:14.574042,19.00963176186224,72.85380552145386,o3,88.71948964202043,Mumbai,MOCK_DATA
2026-01-18 10:10:14.574056,19.227098095297347,72.91188991692316,o3,47.476565267376785,Mumbai,MOCK_DATA
2026-01-17 13:10:14.574070,13.06116903828383,80.34104425744485,pm25,62.59652938868585,Chennai,MOCK_DATA
2026-01-19 16:10:14.574083,13.119451207387366,80.41759936148648,pm25,86.58707749803892,Chennai,MOCK_DATA
2026-01-18 04:10:14.574097,13.162109737377975,80.13165294432191,pm25,62.46223634079399,Chennai,MOCK_DATA
2026-01-19 15:10:14.574111,13.073282355641144,80.36156965032211,pm25,89.50449983723595,Chennai,MOCK_DATA
2026-01-17 18:10:14.574124,13.011780836727857,80.38792313658784,pm25,77.54890277267019,Chennai,MOCK_DATA
2026-01-19 16:10:14.574138,13.220030315968613,80.15720751096683,pm25,64.62493407168108,Chennai,MOCK_DATA
2026-01-18 11:10:14.574151,13.009468968479062,80.1870548008209,pm25,120.29955738912261,Chennai,MOCK_DATA
2026-01-18 19:10:14.574166,13.064445196893335,80.36340950187207,pm25,100.00333677312553,Chennai,MOCK_DATA
2026-01-19 06:10:14.574196,12.983204498489993,80.23148914028856,pm25,128.51655252544293,Chennai,MOCK_DATA
2026-01-19 14:10:14.574210,13.115740405332204,80.26678171070822,pm25,112.90985771630383,Chennai,MOCK_DATA
2026-01-18 13:10:14.574224,13.096738445037571,80.24480623935104,pm25,80.52004812862629,Chennai,MOCK_DATA
2026-01-19 03:10:14.574237,13.161746465866761,80.31269508283972,pm25,74.67857684977066,Chennai,MOCK_DATA
2026-01-17 18:10:14.574251,13.022375428790898,80.21604930478152,pm25,113.34769698870653,Chennai,MOCK_DATA
2026-01-17 20:10:14.574264,13.080560858374202,80.28885047559616,pm25,119.63689553631502,Chennai,MOCK_DATA
2026-01-18 03:10:14.574278,13.059007962033922,80.1599586501294,pm25,89.68865958581925,Chennai,MOCK_DATA
2026-01-19 15:10:14.574295,12.957213400133876,80.2581310158624,pm25,82.26200050846592,Chennai,MOCK_DATA
2026-01-19 11:10:14.574308,13.195468575077077,80.36567829213001,pm25,107.55161224600278,Chennai,MOCK_DATA
2026-01-19 05:10:14.574321,13.070852436526271,80.39562546562551,pm25,102.4873614930701,Chennai,MOCK_DATA
2026-01-17 11:10:14.574334,13.02360659174475,80.2580517186336,pm25,105.53058536183006,Chennai,MOCK_DATA
2026-01-20 05:10:14.574347,13.058603693271351,80.15927937110622,pm25,107.60286281004599,Chennai,MOCK_DATA
2026-01-20 06:10:14.574360,12.962976718727889,80.29842403139963,pm25,89.99989433021449,Chennai,MOCK_DATA
2026-01-20 04:10:14.574374,13.108043144704062,80.31250663859912,pm25,128.77431704719396,Chennai,MOCK_DATA
2026-01-19 12:10:14.574388,12.949646869075506,80.28890994837737,pm25,113.50746628902401,Chennai,MOCK_DATA
2026-01-19 05:10:14.574401,13.211806199414493,80.17595848799394,pm25,69.65947922136422,Chennai,MOCK_DATA
2026-01-20 00:10:14.574415,13.100428311029633,80.30740061076001,pm25,74.22016136326704,Chennai,MOCK_DATA
2026-01-18 19:10:14.574430,13.182177624255555,80.31624646743347,pm10,116.27593181762448,Chennai,MOCK_DATA
2026-01-19 09:10:14.574443,12.997492907021721,80.14379985351374,pm10,113.51642069999303,Chennai,MOCK_DATA
2026-01-17 23:10:14.574457,13.035682577188608,80.30770788066933,pm10,149.20361567134464,Chennai,MOCK_DATA
2026-01-19 17:10:14.574471,13.033130183344387,80.29476615649044,pm10,136.92625898912283,Chennai,MOCK_DATA
2026-01-20 03:10:14.574485,13.193511739798375,80.282318601957,pm10,145.72478356738878,Chennai,MOCK_DATA
2026-01-19 20:10:14.574498,12.957549807780419,80.3203649311687,pm10,138.8234768636122,Chennai,MOCK_DATA
2026-01-20 04:10:14.574511,13.032583819925627,80.32840701183855,pm10,108.30812952505198,Chennai,MOCK_DATA
2026-01-19 22:10:14.574525,12.935432426711559,80.34157564810461,pm10,123.31736570130077,Chennai,MOCK_DATA
2026-01-19 03:10:14.574564,13.078886914850921,80.32299627188206,pm10,119.52061392315,Chennai,MOCK_DATA
2026-01-19 03:10:14.574581,12.994716795235986,80.2453443739765,pm10,114.43848418667298,Chennai,MOCK_DATA
2026-01-20 03:10:14.574597,13.08628059347635,80.3468264215923,pm10,150.57098515969489,Chennai,MOCK_DATA
2026-01-19 18:10:14.574611,13.01666063318648,80.13483008145013,pm10,145.37502358850725,Chennai,MOCK_DATA
2026-01-19 20:10:14.574625,13.090110727265026,80.39864035372564,no2,117.13657669463754,Chennai,MOCK_DATA
2026-01-20 01:10:14.574639,13.215064332783829,80.1525988815851,no2,103.36768163656843,Chennai,MOCK_DATA
2026-01-19 14:10:14.574654,13.186487952875478,80.19179613990248,no2,33.00648576919313,Chennai,MOCK_DATA
2026-01-18 21:10:14.574668,13.037842665200468,80.17377059733428,no2,81.39808982351394,Chennai,MOCK_DATA
2026-01-19 01:10:14.574682,13.058230771364325,80.30659723501734,no2,89.51776716192619,Chennai,MOCK_DATA
2026-01-20 07:10:14.574696,12.997820723812284,80.39873034789973,no2,34.64953424485886,Chennai,MOCK_DATA
2026-01-19 18:10:14.574710,13.046767954942911,80.18941380053664,no2,38.23437374699661,Chennai,MOCK_DATA
2026-01-20 07:10:14.574725,13.133917883112115,80.27140323155547,no2,92.56238566155282,Chennai,MOCK_DATA
2026-01-19 12:10:14.574739,13.169873563606146,80.20901408885138,so2,39.90843828062319,Chennai,MOCK_DATA
2026-01-18 16:10:14.574753,13.093614837547522,80.2146266197667,so2,51.81361321888693,Chennai,MOCK_DATA
2026-01-19 00:10:14.574770,13.090411414718302,80.2575345952243,so2,45.964362466562584,Chennai,MOCK_DATA
2026-01-20 05:10:14.574785,12.998522813664586,80.32635673636508,so2,45.23893445166782,Chennai,MOCK_DATA
2026-01-19 14:10:14.574799,13.226887253534,80.36400109363107,so2,52.310507772462,Chennai,MOCK_DATA
2026-01-18 07:10:14.574814,13.161628125929507,80.16011072710081,so2,37.381055643793424,Chennai,MOCK_DATA
2026-01-18 08:10:14.574832,13.110126095350283,80.37193575589504,co,4.846390827423101,Chennai,MOCK_DATA
2026-01-18 03:10:14.574846,13.0768017695357,80.33789944914297,co,1.0668265418647511,Chennai,MOCK_DATA
2026-01-19 05:10:14.574861,13.051217288389847,80.3454108395957,co,3.0010830312064285,Chennai,MOCK_DATA
2026-01-18 06:10:14.574877,13.016209999734764,80.22790716076139,co,1.1628794166114926,Chennai,MOCK_DATA
2026-01-18 04:10:14.574891,13.16047201713964,80.18482212432781,co,3.028732542474936,Chennai,MOCK_DATA
2026-01-17 16:10:14.574905,13.098085171469561,80.14604704213446,o3,68.7599373131028,Chennai,MOCK_DATA
2026-01-19 15:10:14.574920,13.03464802832679,80.1414126317874,o3,61.17309925960396,Chennai,MOCK_DATA
2026-01-20 02:10:14.574935,13.222297892451545,80.33029706300302,o3,86.8287781250576,Chennai,MOCK_DATA
2026-01-20 07:10:14.574952,13.200907297314215,80.20649371569176,o3,100.85785360909881,Chennai,MOCK_DATA
2026-01-17 11:10:14.574968,12.98595783899457,80.36567462508145,o3,70.43869797824703,Chennai,MOCK_DATA
2026-01-20 05:10:14.574990,13.189044417152777,80.15242959168982,o3,78.70570587830697,Chennai,MOCK_DATA
2026-01-18 15:10:14.575003,22.4611558492808,88.3050233902991,pm25,119.52171153102131,Kolkata,MOCK_DATA
2026-01-19 13:10:14.575016,22.644835686061363,88.45460237898018,pm25,108.51407422613661,Kolkata,MOCK_DATA
2026-01-18 22:10:14.575029,22.45336173611597,88.32565378377498,pm25,154.16104559157418,Kolkata,MOCK_DATA
2026-01-19 00:10:14.575042,22.621426030986523,88.35795285974463,pm25,162.38961063402147,Kolkata,MOCK_DATA
2026-01-18 13:10:14.575056,22.55854373678446,88.27400618296758,pm25,86.74987553395023,Kolkata,MOCK_DATA
2026-01-17 22:10:14.575069,22.485533093140603,88.42161684537488,pm25,143.35736557052434,Kolkata,MOCK_DATA
2026-01-18 08:10:14.575082,22.66467761868634,88.3029372281932,pm25,121.86203402040167,Kolkata,MOCK_DATA
2026-01-20 07:10:14.575094,22.544516703765257,88.32420428920007,pm25,127.91295484901356,Kolkata,MOCK_DATA
2026-01-19 15:10:14.575107,22.626944877558003,88.42012336740704,pm25,98.36202948406942,Kolkata,MOCK_DATA
2026-01-18 19:10:14.575120,22.620717102144322,88.27583078576588,pm25,163.88027510710737,Kolkata,MOCK_DATA
2026-01-20 01:10:14.575133,22.71091095797849,88.33312350124518,pm25,122.71630534115036,Kolkata,MOCK_DATA
2026-01-18 04:10:14.575146,22.548893257590716,88.44112010382007,pm25,141.8763455568827,Kolkata,MOCK_DATA
2026-01-19 14:10:14.575160,22.42621734138982,88.34661567409213,pm25,138.5528485585865,Kolkata,MOCK_DATA
2026-01-19 05:10:14.575173,22.506510697882824,88.3920885986379,pm25,155.40160386165925,Kolkata,MOCK_DATA
2026-01-18 06:10:14.575185,22.512198587663487,88.26369260748892,pm25,114.72009732900088,Kolkata,MOCK_DATA
2026-01-19 07:10:14.575198,22.441958888850383,88.27729777907817,pm25,173.11547426905412,Kolkata,MOCK_DATA
2026-01-18 20:10:14.575211,22.452506632058828,88.2213229483279,pm25,105.95703840456557,Kolkata,MOCK_DATA
2026-01-20 07:10:14.575224,22.617895251101743,88.45668547307653,pm25,133.85168955353987,Kolkata,MOCK_DATA
2026-01-20 00:10:14.575237,22.673887536055158,88.32253754095566,pm25,96.03253570921328,Kolkata,MOCK_DATA
2026-01-19 14:10:14.575249,22.597783765774366,88.47593702023529,pm25,174.96807970621984,Kolkata,MOCK_DATA
2026-01-17 20:10:14.575263,22.505855562582244,88.47671532225262,pm25,89.60261508003512,Kolkata,MOCK_DATA
2026-01-18 21:10:14.575277,22.45645435719065,88.2842890218182,pm25,132.92182620532364,Kolkata,MOCK_DATA
2026-01-17 21:10:14.575289,22.475988104410895,88.49946372784,pm25,143.72671373665113,Kolkata,MOCK_DATA
2026-01-17 14:10:14.575303,22.629034952935108,88.26807287423968,pm25,172.57582400192467,Kolkata,MOCK_DATA
2026-01-19 10:10:14.575316,22.70233943116213,88.33700240629935,pm25,120.47173671131921,Kolkata,MOCK_DATA
2026-01-20 01:10:14.575330,22.485390662839432,88.38003538849831,pm10,139.36616893537018,Kolkata,MOCK_DATA
2026-01-17 15:10:14.575343,22.514704165084755,88.22754103067795,pm10,198.18680421343277,Kolkata,MOCK_DATA
2026-01-18 05:10:14.575356,22.45659892592599,88.24423575993745,pm10,141.37117084571167,Kolkata,MOCK_DATA
2026-01-17 18:10:14.575369,22.429560656462833,88.21233848448878,pm10,185.72632446020066,Kolkata,MOCK_DATA
2026-01-18 07:10:14.575382,22.50337179835094,88.4869764208589,pm10,233.91257754459048,Kolkata,MOCK_DATA
2026-01-17 10:10:14.575396,22.589536448500283,88.32346414079458,pm10,163.25837181384748,Kolkata,MOCK_DATA
2026-01-19 21:10:14.575413,22.551641878577378,88.4313307068623,pm10,183.47535774393248,Kolkata,MOCK_DATA
2026-01-19 20:10:14.575426,22.473683938145893,88.45597191993285,pm10,173.654185877781,Kolkata,MOCK_DATA
2026-01-19 10:10:14.575439,22.616200384937063,88.43575095516681,pm10,170.5803923293417,Kolkata,MOCK_DATA
2026-01-18 14:10:14.575453,22.672622422623544,88.47301732360349,pm10,148.06594102600118,Kolkata,MOCK_DATA
2026-01-18 13:10:14.575466,22.54455107704549,88.38652811664333,pm10,159.34487567673702,Kolkata,MOCK_DATA
2026-01-18 17:10:14.575478,22.627781551388004,88.26748381134095,pm10,146.0809539848783,Kolkata,MOCK_DATA
2026-01-18 19:10:14.575492,22.566976804659223,88.26464984300873,no2,45.246455352706334,Kolkata,MOCK_DATA
2026-01-20 05:10:14.575524,22.475848009234284,88.39354842492251,no2,102.35595122099187,Kolkata,MOCK_DATA
2026-01-18 12:10:14.575538,22.695875565723473,88.36260756865981,no2,32.38797458297491,Kolkata,MOCK_DATA
2026-01-18 03:10:14.575551,22.488202964586396,88.41853425674215,no2,54.40825444909433,Kolkata,MOCK_DATA
2026-01-17 11:10:14.575564,22.646251433636177,88.34625944290957,no2,97.71588624761993,Kolkata,MOCK_DATA
2026-01-19 01:10:14.575577,22.506670482827793,88.50323366149316,no2,113.8487069537042,Kolkata,MOCK_DATA
2026-01-18 17:10:14.575590,22.577707867311066,88.4682334329808,no2,100.97817433412516,Kolkata,MOCK_DATA
2026-01-18 19:10:14.575605,22.443950192006863,88.36353858399862,no2,49.19622366451033,Kolkata,MOCK_DATA
2026-01-19 21:10:14.575624,22.622342524257636,88.49097558189447,so2,43.839291480035556,Kolkata,MOCK_DATA
2026-01-19 23:10:14.575640,22.712369589268857,88.25602427507782,so2,31.79787076450998,Kolkata,MOCK_DATA
2026-01-19 08:10:14.575657,22.517624322884895,88.28073132411004,so2,36.08149155782725,Kolkata,MOCK_DATA
2026-01-17 13:10:14.575674,22.664272642891373,88.32762958433457,so2,52.03745590856661,Kolkata,MOCK_DATA
2026-01-18 18:10:14.575693,22.607306090219957,88.30051779009742,so2,54.69204829963564,Kolkata,MOCK_DATA
2026-01-18 17:10:14.575709,22.698565792278785,88.3694306743212,so2,46.19227057554991,Kolkata,MOCK_DATA
2026-01-18 09:10:14.575725,22.67678705982482,88.471592025239,co,1.4298094577474405,Kolkata,MOCK_DATA
2026-01-17 15:10:14.575739,22.637610215927182,88.47228160793391,co,4.713489637468667,Kolkata,MOCK_DATA
2026-01-18 08:10:14.575753,22.55130293004818,88.42047817187786,co,3.165532217529576,Kolkata,MOCK_DATA
2026-01-19 15:10:14.575768,22.64576994387894,88.47654011787209,co,3.994347979751357,Kolkata,MOCK_DATA
2026-01-17 10:10:14.575782,22.631155737797418,88.25039470520642,co,3.687695244423285,Kolkata,MOCK_DATA
2026-01-18 09:10:14.575797,22.4997673691853,88.44258247047935,o3,119.31983175367186,Kolkata,MOCK_DATA
2026-01-19 23:10:14.575811,22.636895128680404,88.35162356913327,o3,92.51367342338372,Kolkata,MOCK_DATA
2026-01-17 08:10:14.575825,22.424573338101006,88.38807933253497,o3,89.02900477872018,Kolkata,MOCK_DATA
2026-01-19 16:10:14.575840,22.672606886902273,88.31126528834142,o3,68.59496148882235,Kolkata,MOCK_DATA
2026-01-20 03:10:14.575854,22.46124864348397,88.2900449320888,o3,72.4689963746306,Kolkata,MOCK_DATA
2026-01-19 23:10:14.575870,22.459099611497216,88.35390433376372,o3,57.42360740818488,Kolkata,MOCK_DATA
2026-01-18 16:10:14.575883,12.836754446797055,77.7346671824064,pm25,111.33688287630403,Bangalore,MOCK_DATA
2026-01-19 15:10:14.575896,13.045446123600415,77.72662396462553,pm25,88.07879650585575,Bangalore,MOCK_DATA
2026-01-17 23:10:14.575909,13.022515098298314,77.66680535073776,pm25,97.76783945323103,Bangalore,MOCK_DATA
2026-01-18 16:10:14.575922,13.045758244695666,77.64599214368188,pm25,75.93642598064571,Bangalore,MOCK_DATA
2026-01-18 10:10:14.575934,13.073860794295554,77.4629554942416,pm25,78.7944698723479,Bangalore,MOCK_DATA
2026-01-19 15:10:14.575946,13.0347882428529,77.59333949374505,pm25,107.90791694718024,Bangalore,MOCK_DATA
2026-01-20 01:10:14.575958,13.10123798792507,77.46947415927094,pm25,112.02746189869231,Bangalore,MOCK_DATA
2026-01-20 04:10:14.575971,13.061554409858172,77.60524376789868,pm25,67.65604041085963,Bangalore,MOCK_DATA
2026-01-19 04:10:14.575986,13.101108972022564,77.64189250020327,pm25,90.12196546616114,Bangalore,MOCK_DATA
2026-01-20 00:10:14.575998,12.83877019689694,77.56675110456564,pm25,98.58290497676748,Bangalore,MOCK_DATA
2026-01-19 21:10:14.576011,13.087686244372048,77.64470086354012,pm25,75.74069307431574,Bangalore,MOCK_DATA
2026-01-17 22:10:14.576024,12.9660819509886,77.60049356206494,pm25,104.92867613361102,Bangalore,MOCK_DATA
2026-01-18 12:10:14.576037,12.89162009361806,77.61004669023119,pm25,62.63213747037647,Bangalore,MOCK_DATA
2026-01-19 14:10:14.576050,12.867119852915977,77.59480499208854,pm25,86.88869414596105,Bangalore,MOCK_DATA
2026-01-19 07:10:14.576062,13.103954828477358,77.529774383588,pm25,92.92665166617189,Bangalore,MOCK_DATA
2026-01-18 16:10:14.576074,13.025314670100489,77.63215184774008,pm25,90.57726167458698,Bangalore,MOCK_DATA
2026-01-17 22:10:14.576087,13.100330586377176,77.66550109486892,pm25,98.88033683860041,Bangalore,MOCK_DATA
2026-01-20 07:10:14.576099,13.062631686958706,77.55751536315964,pm25,55.56524041959172,Bangalore,MOCK_DATA
2026-01-19 05:10:14.576111,13.076006969884805,77.65158843777282,pm25,109.10218700460419,Bangalore,MOCK_DATA
2026-01-17 19:10:14.576124,12.834799194426797,77.58773424662809,pm25,78.18547411108838,Bangalore,MOCK_DATA
2026-01-18 05:10:14.576136,12.930617183059033,77.46968975906273,pm25,110.02909962994269,Bangalore,MOCK_DATA
2026-01-17 23:10:14.576148,13.077608999136624,77.4598466550143,pm25,96.80866217012439,Bangalore,MOCK_DATA
2026-01-17 11:10:14.576160,12.899099457117734,77.52826010406608,pm25,87.77245425780306,Bangalore,MOCK_DATA
2026-01-18 08:10:14.576173,12.849209411402734,77.58666457031802,pm25,85.89236068112179,Bangalore,MOCK_DATA
2026-01-19 23:10:14.576196,13.046288665876668,77.5635456598774,pm25,97.2810711486797,Bangalore,MOCK_DATA
2026-01-17 23:10:14.576212,12.837110745383166,77.72642857752768,pm10,159.47714722727704,Bangalore,MOCK_DATA
2026-01-20 07:10:14.576226,13.02206895631476,77.44491475053793,pm10,83.02952061538932,Bangalore,MOCK_DATA
2026-01-18 15:10:14.576238,12.878445674538266,77.68083375860014,pm10,173.1119769364966,Bangalore,MOCK_DATA
2026-01-18 21:10:14.576254,13.092503227195783,77.70574448370554,pm10,100.45741064784488,Bangalore,MOCK_DATA
2026-01-18 15:10:14.576268,13.07562321066876,77.53052201036944,pm10,138.34814721410564,Bangalore,MOCK_DATA
2026-01-19 23:10:14.576280,13.022930628343047,77.66859032784977,pm10,86.33258061615264,Bangalore,MOCK_DATA
2026-01-20 03:10:14.576293,13.040056666615293,77.69258143289869,pm10,123.87095530483262,Bangalore,MOCK_DATA
2026-01-19 18:10:14.576305,13.067571589435756,77.55804126179741,pm10,147.9831451952385,Bangalore,MOCK_DATA
2026-01-20 05:10:14.576322,13.08161468669642,77.4785474972607,pm10,129.7413096316268,Bangalore,MOCK_DATA
2026-01-20 07:10:14.576344,13.113048399377906,77.51598763949981,pm10,113.7664047698465,Bangalore,MOCK_DATA
2026-01-18 19:10:14.576400,12.850186425900178,77.702578772103,pm10,106.73501126795283,Bangalore,MOCK_DATA
2026-01-18 01:10:14.576443,12.939934457204554,77.60230762275089,pm10,147.29498969297325,Bangalore,MOCK_DATA
2026-01-18 16:10:14.576472,12.822150473957965,77.5448182077979,no2,35.59917162017949,Bangalore,MOCK_DATA
2026-01-17 20:10:14.576498,12.943862982686404,77.50463149040853,no2,96.4140503638418,Bangalore,MOCK_DATA
2026-01-19 13:10:14.576564,13.076371720722998,77.49757318249607,no2,100.48848534121402,Bangalore,MOCK_DATA
2026-01-17 13:10:14.576593,12.916308238761953,77.50223420313243,no2,77.25457370018142,Bangalore,MOCK_DATA
2026-01-19 18:10:14.576622,12.929631476709146,77.60414308696176,no2,51.314658849666216,Bangalore,MOCK_DATA
2026-01-18 22:10:14.576656,13.084772996930191,77.67941955167043,no2,117.92704282766512,Bangalore,MOCK_DATA
2026-01-17 08:10:14.576700,13.046422412802865,77.47333026649085,no2,36.860832021389,Bangalore,MOCK_DATA
2026-01-19 14:10:14.576729,13.03030044829012,77.73651013370863,no2,91.5530871905487,Bangalore,MOCK_DATA
2026-01-20 00:10:14.576762,12.951178256641478,77.66910120055677,so2,36.921967603229255,Bangalore,MOCK_DATA
2026-01-17 20:10:14.577204,12.921381476721407,77.57965647186616,so2,23.48933252581605,Bangalore,MOCK_DATA
2026-01-19 03:10:14.577461,12.873684323622204,77.62295390789373,so2,59.945707613652196,Bangalore,MOCK_DATA
2026-01-18 05:10:14.577505,12.919000749998064,77.47795878368719,so2,50.55271312055309,Bangalore,MOCK_DATA
2026-01-18 09:10:14.577535,12.887441452149373,77.5698245617163,so2,35.322757886192065,Bangalore,MOCK_DATA
2026-01-19 21:10:14.577581,12.843246289645688,77.66827651520285,so2,52.33967082216001,Bangalore,MOCK_DATA
2026-01-17 15:10:14.577622,12.850154696593298,77.46047797577474,co,3.3305146630520355,Bangalore,MOCK_DATA
2026-01-18 17:10:14.577654,12.908669531739012,77.59087718187412,co,3.9830815966875854,Bangalore,MOCK_DATA
2026-01-20 03:10:14.577690,13.103429063278965,77.53113278288113,co,2.238371843044206,Bangalore,MOCK_DATA
2026-01-18 17:10:14.577722,13.056957460905876,77.46799283666718,co,0.9557104357195823,Bangalore,MOCK_DATA
2026-01-17 11:10:14.577753,13.088501095037406,77.45754190264039,co,3.2861501734311998,Bangalore,MOCK_DATA
2026-01-17 12:10:14.577786,12.837478385814538,77.51761505945129,o3,73.9108919021792,Bangalore,MOCK_DATA
2026-01-20 04:10:14.577818,12.88282489134378,77.72297494407464,o3,52.376710927778305,Bangalore,MOCK_DATA
2026-01-19 14:10:14.577855,13.094601733764197,77.6351391995466,o3,56.855135207976744,Bangalore,MOCK_DATA
2026-01-19 20:10:14.577891,13.010341551446938,77.49622869052257,o3,113.80381078606032,Bangalore,MOCK_DATA
2026-01-17 23:10:14.577925,12.979979941629127,77.47644983774211,o3,103.95943276298343,Bangalore,MOCK_DATA
2026-01-18 23:10:14.577960,13.07120357052048,77.46573999117545,o3,108.6645562615536,Bangalore,MOCK_DATA
2026-01-18 16:10:14.577994,17.44446918119041,78.51106244312753,pm25,155.86782851108575,Hyderabad,MOCK_DATA
2026-01-18 10:10:14.578027,17.482128254960287,78.59321536863389,pm25,79.22196493161044,Hyderabad,MOCK_DATA
2026-01-17 14:10:14.578050,17.291540112696097,78.50546505456082,pm25,103.43788999340389,Hyderabad,MOCK_DATA
2026-01-17 18:10:14.578096,17.30724544682668,78.41980794834053,pm25,119.5757959116103,Hyderabad,MOCK_DATA
2026-01-17 22:10:14.578117,17.464320135767164,78.51976478821774,pm25,70.60421728787954,Hyderabad,MOCK_DATA
2026-01-17 20:10:14.578145,17.535826259708294,78.6243584600526,pm25,159.20959131966566,Hyderabad,MOCK_DATA
2026-01-18 22:10:14.578178,17.457532431408712,78.58962068965332,pm25,147.39802292525786,Hyderabad,MOCK_DATA
2026-01-18 02:10:14.578211,17.28877290580113,78.50843969383743,pm25,153.82695825715672,Hyderabad,MOCK_DATA
2026-01-17 10:10:14.578245,17.44274406911394,78.55505238638565,pm25,131.8756384089085,Hyderabad,MOCK_DATA
2026-01-19 13:10:14.578274,17.281489884327392,78.54795248687611,pm25,104.66800886259605,Hyderabad,MOCK_DATA
2026-01-18 22:10:14.578307,17.351705376004336,78.60079910358387,pm25,90.85166278188682,Hyderabad,MOCK_DATA
2026-01-20 01:10:14.578328,17.341148554659526,78.39744723549983,pm25,99.10675173589173,Hyderabad,MOCK_DATA
2026-01-19 19:10:14.578347,17.29948237778911,78.51675027985054,pm25,85.37567320619206,Hyderabad,MOCK_DATA
2026-01-19 21:10:14.578365,17.36043296334449,78.44310928830015,pm25,155.59015952334823,Hyderabad,MOCK_DATA
2026-01-18 04:10:14.578423,17.529004711308456,78.56038534995355,pm25,126.74739953307585,Hyderabad,MOCK_DATA
2026-01-20 03:10:14.578443,17.331883362713175,78.41963628493163,pm25,151.40598697609494,Hyderabad,MOCK_DATA
2026-01-19 01:10:14.578462,17.394620675313487,78.57757899363115,pm25,144.98191609524156,Hyderabad,MOCK_DATA
2026-01-19 04:10:14.578481,17.533674841834642,78.47176584697901,pm25,124.78385742608648,Hyderabad,MOCK_DATA
2026-01-18 05:10:14.578500,17.497413846840423,78.46286868594014,pm25,116.67342589332627,Hyderabad,MOCK_DATA
2026-01-19 01:10:14.578520,17.324926835095784,78.4974215441864,pm25,154.84225915503774,Hyderabad,MOCK_DATA
2026-01-18 06:10:14.578538,17.474344616594937,78.6049905210532,pm25,140.31344860979414,Hyderabad,MOCK_DATA
2026-01-19 02:10:14.578557,17.309579461720293,78.42890276341076,pm25,152.4192338441664,Hyderabad,MOCK_DATA
2026-01-18 17:10:14.578576,17.453289787117974,78.4590339137005,pm25,92.43036451902834,Hyderabad,MOCK_DATA
2026-01-19 20:10:14.578595,17.309215823828445,78.54317324523562,pm25,96.20287675667183,Hyderabad,MOCK_DATA
2026-01-18 19:10:14.578615,17.349749462138696,78.50205993868262,pm25,114.20801414055866,Hyderabad,MOCK_DATA
2026-01-17 15:10:14.578639,17.461689196076755,78.4167707737239,pm10,224.82471684194135,Hyderabad,MOCK_DATA
2026-01-19 03:10:14.578658,17.379351380567677,78.35854104522379,pm10,193.94507422920876,Hyderabad,MOCK_DATA
2026-01-19 16:10:14.578677,17.31045001723077,78.62759936577723,pm10,155.28952607299433,Hyderabad,MOCK_DATA
2026-01-19 16:10:14.578697,17.350319185525834,78.58290847462523,pm10,166.55937742245357,Hyderabad,MOCK_DATA
2026-01-17 23:10:14.578724,17.2814454420572,78.50646967460008,pm10,191.40377439193904,Hyderabad,MOCK_DATA
2026-01-18 14:10:14.578744,17.40390021341352,78.37706841999237,pm10,115.92285392786616,Hyderabad,MOCK_DATA
2026-01-18 18:10:14.578763,17.34087232827384,78.43013790479071,pm10,169.6928883307816,Hyderabad,MOCK_DATA
2026-01-17 21:10:14.578782,17.277102259083428,78.41035783407466,pm10,193.25306347548408,Hyderabad,MOCK_DATA
2026-01-18 21:10:14.578828,17.5255806518129,78.4782195377033,pm10,166.40194200830936,Hyderabad,MOCK_DATA
2026-01-19 03:10:14.578849,17.38031513875744,78.48517680688384,pm10,157.73082412622418,Hyderabad,MOCK_DATA
2026-01-17 21:10:14.578873,17.33754013098148,78.4168850250018,pm10,194.6347033514088,Hyderabad,MOCK_DATA
2026-01-18 03:10:14.578896,17.343036652679803,78.46264288940571,pm10,148.9999896308302,Hyderabad,MOCK_DATA
2026-01-18 04:10:14.578929,17.30017518465506,78.56820566935637,no2,66.07755506491748,Hyderabad,MOCK_DATA
2026-01-19 05:10:14.578963,17.290586649139538,78.46250517850416,no2,65.85786774553644,Hyderabad,MOCK_DATA
2026-01-17 08:10:14.578989,17.275284592851133,78.46810996142302,no2,92.71856614420287,Hyderabad,MOCK_DATA
2026-01-17 12:10:14.579008,17.437509182276937,78.34079672236979,no2,73.66451423621334,Hyderabad,MOCK_DATA
2026-01-17 15:10:14.579025,17.405497491630378,78.41771657591475,no2,77.16759409825639,Hyderabad,MOCK_DATA
2026-01-20 02:10:14.579048,17.25827542333513,78.45727049138482,no2,112.18948609653145,Hyderabad,MOCK_DATA
2026-01-18 19:10:14.579070,17.248166404529492,78.46867395432045,no2,81.72505886389052,Hyderabad,MOCK_DATA
2026-01-18 16:10:14.579103,17.245771689626256,78.59672754979631,no2,84.27804985760903,Hyderabad,MOCK_DATA
2026-01-19 02:10:14.579131,17.408902111398717,78.44981484427856,so2,51.221573291093236,Hyderabad,MOCK_DATA
2026-01-17 19:10:14.579166,17.486061608403507,78.4210555070785,so2,58.09273250387997,Hyderabad,MOCK_DATA
2026-01-19 18:10:14.579196,17.4445343923517,78.58869479191405,so2,31.777545909330662,Hyderabad,MOCK_DATA
2026-01-19 14:10:14.579216,17.297490938609315,78.3811497649503,so2,30.25249200486438,Hyderabad,MOCK_DATA
2026-01-19 09:10:14.579234,17.420177803104615,78.62433579671098,so2,49.87287735834092,Hyderabad,MOCK_DATA
2026-01-18 07:10:14.579251,17.466770831936785,78.51476167062236,so2,34.72201826686771,Hyderabad,MOCK_DATA
2026-01-19 12:10:14.579270,17.38609063684341,78.48386524931809,co,3.2434687807831137,Hyderabad,MOCK_DATA
2026-01-19 10:10:14.579290,17.448688451164248,78.62980478799889,co,3.29581712962051,Hyderabad,MOCK_DATA
2026-01-18 12:10:14.579308,17.37834497217988,78.35238918566732,co,3.6567607706685967,Hyderabad,MOCK_DATA
2026-01-18 02:10:14.579327,17.242258132918835,78.51334293843654,co,2.897851218726082,Hyderabad,MOCK_DATA
2026-01-19 09:10:14.579345,17.327922819652443,78.35790515836837,co,2.557551240442119,Hyderabad,MOCK_DATA
2026-01-18 20:10:14.579401,17.474914141062445,78.46346670574458,o3,64.11029895178478,Hyderabad,MOCK_DATA
2026-01-18 00:10:14.579422,17.333030311054312,78.40515167440293,o3,116.44039142645465,Hyderabad,MOCK_DATA
2026-01-19 14:10:14.579440,17.298459968980275,78.52416109217175,o3,51.87006678745248,Hyderabad,MOCK_DATA
2026-01-18 18:10:14.579460,17.25271085573768,78.50991953716331,o3,72.096164537016,Hyderabad,MOCK_DATA
2026-01-19 11:10:14.579478,17.45710096818961,78.3448530455457,o3,74.38594944363798,Hyderabad,MOCK_DATA
2026-01-17 18:10:14.579497,17.316257543911693,78.41189752684984,o3,82.1240186174743,Hyderabad,MOCK_DATA
2026-01-20 07:10:14.579516,22.997801585242055,72.49640728224603,pm25,90.50246030864471,Ahmedabad,MOCK_DATA
2026-01-19 02:10:14.579535,23.037494554938068,72.49115827079645,pm25,129.37617840409726,Ahmedabad,MOCK_DATA
2026-01-17 13:10:14.579551,22.964159520844888,72.64352326365491,pm25,118.8611585419892,Ahmedabad,MOCK_DATA
2026-01-19 12:10:14.579568,22.965548672067268,72.70948724216021,pm25,123.0530367088604,Ahmedabad,MOCK_DATA
2026-01-17 15:10:14.579585,23.04781409268119,72.42787624138154,pm25,86.37668153181932,Ahmedabad,MOCK_DATA
2026-01-18 10:10:14.579602,23.14261966957233,72.54014258124542,pm25,105.63417149345632,Ahmedabad,MOCK_DATA
2026-01-20 07:10:14.579619,23.10812133646341,72.57788356110235,pm25,176.24338940640402,Ahmedabad,MOCK_DATA
2026-01-18 07:10:14.579636,23.04062324872215,72.4790258085293,pm25,151.580981163111,Ahmedabad,MOCK_DATA
2026-01-18 18:10:14.579658,23.02463279433804,72.62838328443893,pm25,182.4373256428449,Ahmedabad,MOCK_DATA
2026-01-19 09:10:14.579675,23.017883632956874,72.45625537768713,pm25,124.51086540412606,Ahmedabad,MOCK_DATA
2026-01-18 13:10:14.579693,22.879294037213754,72.66532814468948,pm25,97.83880802548127,Ahmedabad,MOCK_DATA
2026-01-20 02:10:14.579714,23.103883804368518,72.47800293320388,pm25,161.73878786248696,Ahmedabad,MOCK_DATA
2026-01-17 11:10:14.579735,23.040979053135302,72.71805363168275,pm25,158.6252125059129,Ahmedabad,MOCK_DATA
2026-01-18 16:10:14.579753,22.999173350109633,72.66795528588426,pm25,125.7040671024144,Ahmedabad,MOCK_DATA
2026-01-19 12:10:14.579771,22.94362718034028,72.70091453236903,pm25,146.71180020633437,Ahmedabad,MOCK_DATA
2026-01-17 21:10:14.579794,23.16210530254716,72.59213176006143,pm25,90.38501280828388,Ahmedabad,MOCK_DATA
2026-01-17 21:10:14.579816,22.925136714177793,72.53560904622869,pm25,109.26442977605025,Ahmedabad,MOCK_DATA
2026-01-17 22:10:14.579834,23.168457318422398,72.53471677687455,pm25,96.92715327185428,Ahmedabad,MOCK_DATA
2026-01-19 01:10:14.579857,23.085820196675428,72.71772214373554,pm25,146.1021450678258,Ahmedabad,MOCK_DATA
2026-01-18 12:10:14.579887,22.988996596772793,72.68471255709738,pm25,148.10963875502534,Ahmedabad,MOCK_DATA
2026-01-18 08:10:14.579913,23.14337880675361,72.66043590358856,pm25,177.31166902629815,Ahmedabad,MOCK_DATA
2026-01-18 08:10:14.579942,22.89197007140461,72.64126176864474,pm25,167.49184576226287,Ahmedabad,MOCK_DATA
2026-01-17 16:10:14.579974,22.971639185201607,72.4368252977582,pm25,102.73615737932136,Ahmedabad,MOCK_DATA
2026-01-17 18:10:14.580001,22.871588316310323,72.51105465385874,pm25,169.27234905061897,Ahmedabad,MOCK_DATA
2026-01-18 18:10:14.580024,22.915885658029175,72.59042187660039,pm25,119.49431983282537,Ahmedabad,MOCK_DATA
2026-01-17 12:10:14.580050,22.917749502632113,72.57469372900322,pm10,281.2771773605526,Ahmedabad,MOCK_DATA
2026-01-19 17:10:14.580090,22.95454257932824,72.53878332492042,pm10,134.92271459997468,Ahmedabad,MOCK_DATA
2026-01-18 20:10:14.580119,22.930561321835388,72.58436925232895,pm10,251.66148511734096,Ahmedabad,MOCK_DATA
2026-01-18 04:10:14.580142,22.931205728142512,72.67228245001867,pm10,175.82102318622825,Ahmedabad,MOCK_DATA
2026-01-18 13:10:14.580165,22.957015944581382,72.6016873597378,pm10,276.25028060581303,Ahmedabad,MOCK_DATA
2026-01-19 02:10:14.580189,23.120130122046163,72.4802557399579,pm10,190.46578055587224,Ahmedabad,MOCK_DATA
2026-01-19 06:10:14.580212,22.95778895979215,72.61107803796972,pm10,207.30430042747406,Ahmedabad,MOCK_DATA
2026-01-18 16:10:14.580232,22.978766582681594,72.6205536929316,pm10,217.5345237382059,Ahmedabad,MOCK_DATA
2026-01-19 22:10:14.580250,23.078956166770077,72.43885177473415,pm10,220.6687822962295,Ahmedabad,MOCK_DATA
2026-01-19 19:10:14.580270,23.071176616136224,72.70822854735027,pm10,272.94689740002764,Ahmedabad,MOCK_DATA
2026-01-18 17:10:14.580320,23.096984933629503,72.65495923460695,pm10,245.65654504453317,Ahmedabad,MOCK_DATA
2026-01-19 14:10:14.580345,22.9654874388706,72.52216872760816,pm10,268.9482102342271,Ahmedabad,MOCK_DATA
2026-01-18 19:10:14.580366,23.08211924146248,72.58909895675718,no2,110.70034160513019,Ahmedabad,MOCK_DATA
2026-01-18 19:10:14.580388,22.92944579478333,72.65951928153758,no2,97.49108864979668,Ahmedabad,MOCK_DATA
2026-01-18 19:10:14.580408,23.056079804340538,72.5561579102226,no2,41.13526579702053,Ahmedabad,MOCK_DATA
2026-01-18 09:10:14.580433,22.940801987980894,72.4562525625186,no2,44.91369861845374,Ahmedabad,MOCK_DATA
2026-01-19 15:10:14.580452,22.873952695678522,72.44867371479215,no2,38.51379543215221,Ahmedabad,MOCK_DATA
2026-01-18 09:10:14.580473,22.964960300865744,72.67898489826034,no2,61.519270377655786,Ahmedabad,MOCK_DATA
2026-01-18 20:10:14.580493,22.892949092264182,72.57802066896464,no2,80.3690779688103,Ahmedabad,MOCK_DATA
2026-01-18 20:10:14.580513,22.92481898617717,72.49827387074461,no2,97.2726394446212,Ahmedabad,MOCK_DATA
2026-01-17 22:10:14.580538,22.991826826371682,72.57985050808963,so2,45.606051118800345,Ahmedabad,MOCK_DATA
2026-01-18 03:10:14.580561,23.022119795903144,72.49263112526019,so2,52.9107021231798,Ahmedabad,MOCK_DATA
2026-01-19 11:10:14.580582,23.052756670117184,72.53539641657005,so2,31.488441193094136,Ahmedabad,MOCK_DATA
2026-01-17 16:10:14.580614,23.00778457658165,72.44564987912027,so2,49.064670482013234,Ahmedabad,MOCK_DATA
2026-01-20 00:10:14.580636,22.970471507575954,72.70895499215366,so2,43.3998915343119,Ahmedabad,MOCK_DATA
2026-01-18 06:10:14.580657,22.94827539247374,72.59562704503435,so2,58.64231998774425,Ahmedabad,MOCK_DATA
2026-01-19 05:10:14.580678,22.890959798126698,72.52725991954483,co,4.241082693585858,Ahmedabad,MOCK_DATA
2026-01-17 21:10:14.580698,23.122920437587215,72.60694714554143,co,2.698407408570002,Ahmedabad,MOCK_DATA
2026-01-20 02:10:14.580718,23.09964537347988,72.46789379669727,co,0.9559831338687705,Ahmedabad,MOCK_DATA
2026-01-17 14:10:14.580743,23.12119055139501,72.55287119626321,co,0.9405460904802515,Ahmedabad,MOCK_DATA
2026-01-20 07:10:14.580763,22.97780869021383,72.50117429417351,co,4.46690104038201,Ahmedabad,MOCK_DATA
2026-01-20 04:10:14.580785,23.045501146944076,72.70747674197382,o3,65.28695085710146,Ahmedabad,MOCK_DATA
2026-01-19 18:10:14.580806,23.010244964968205,72.68251143175834,o3,70.46617487767708,Ahmedabad,MOCK_DATA
2026-01-19 19:10:14.580827,22.905361724306463,72.6497737956696,o3,75.27667911681526,Ahmedabad,MOCK_DATA
2026-01-19 06:10:14.580847,23.071102404106703,72.66511475099952,o3,56.53070118086764,Ahmedabad,MOCK_DATA
2026-01-18 11:10:14.580872,22.91614117017552,72.63348585453846,o3,117.77275044053205,Ahmedabad,MOCK_DATA
2026-01-17 17:10:14.580893,23.021747615763793,72.68233367614326,o3,61.13072514858344,Ahmedabad,MOCK_DATA
2026-01-18 15:10:14.580918,18.43940746795191,73.80921847169154,pm25,109.3677135186847,Pune,MOCK_DATA
2026-01-17 09:10:14.580937,18.578914363597857,73.73225933875221,pm25,88.89408154669185,Pune,MOCK_DATA
2026-01-19 11:10:14.580960,18.62505767345471,73.75432611057039,pm25,56.43852927371077,Pune,MOCK_DATA
2026-01-17 21:10:14.580980,18.389525002867984,73.83115406605138,pm25,92.13909237266991,Pune,MOCK_DATA
2026-01-20 02:10:14.581003,18.419231004362736,73.89068048060659,pm25,92.53413164050002,Pune,MOCK_DATA
2026-01-17 16:10:14.581022,18.409231971054087,74.00963863843151,pm25,65.38508172724545,Pune,MOCK_DATA
2026-01-18 11:10:14.581043,18.46430689013661,73.73070546525072,pm25,86.64698686219315,Pune,MOCK_DATA
2026-01-19 13:10:14.581066,18.4357213974438,73.99777253495772,pm25,68.15588311313935,Pune,MOCK_DATA
2026-01-17 08:10:14.581084,18.470081318305965,73.79074123040627,pm25,80.94234205347598,Pune,MOCK_DATA
2026-01-17 21:10:14.581160,18.46010705847466,73.8855679140874,pm25,109.35801873453406,Pune,MOCK_DATA
2026-01-17 15:10:14.581188,18.627727023988246,73.84538350698686,pm25,96.09891153690364,Pune,MOCK_DATA
2026-01-17 17:10:14.581213,18.395441000246358,73.950186977026,pm25,70.43638579224938,Pune,MOCK_DATA
2026-01-19 03:10:14.581242,18.50728897544368,73.77280366062396,pm25,99.16802538203501,Pune,MOCK_DATA
2026-01-19 23:10:14.581273,18.479748692989396,73.79247236675319,pm25,71.74960018042565,Pune,MOCK_DATA
2026-01-18 19:10:14.581295,18.59706209784849,73.82020944395515,pm25,74.96074322759053,Pune,MOCK_DATA
2026-01-18 05:10:14.581314,18.62371583509829,73.94952233269343,pm25,104.7218275952377,Pune,MOCK_DATA
2026-01-19 03:10:14.581333,18.38585127945782,73.86850301193289,pm25,67.54114854274083,Pune,MOCK_DATA
2026-01-20 00:10:14.581357,18.408488097708815,73.90338569598515,pm25,97.91748694812924,Pune,MOCK_DATA
2026-01-18 12:10:14.581377,18.475037221503886,73.93371708886657,pm25,99.11291304120327,Pune,MOCK_DATA
2026-01-19 23:10:14.581399,18.45980116751865,73.72080831276264,pm25,102.6149106239121,Pune,MOCK_DATA
2026-01-19 13:10:14.581442,18.457669998802313,73.96260030391439,pm25,108.98250571989104,Pune,MOCK_DATA
2026-01-19 23:10:14.581464,18.434192874859914,73.73650491732414,pm25,88.55159536338195,Pune,MOCK_DATA
2026-01-19 19:10:14.581486,18.632861117945417,73.98518369238579,pm25,88.17166458677744,Pune,MOCK_DATA
2026-01-18 06:10:14.581504,18.600795068683784,73.83057437489632,pm25,108.22930584348632,Pune,MOCK_DATA
2026-01-17 19:10:14.581517,18.66845593678571,73.90398622428236,pm25,64.2194086706748,Pune,MOCK_DATA
2026-01-20 04:10:14.581537,18.551784352931467,73.87304748285587,pm10,87.67060012412702,Pune,MOCK_DATA
2026-01-18 04:10:14.581551,18.489517752253978,73.74095579333554,pm10,139.4719456550363,Pune,MOCK_DATA
2026-01-19 19:10:14.581565,18.495716776486905,73.72559653877552,pm10,123.03263487399306,Pune,MOCK_DATA
2026-01-20 00:10:14.581579,18.64617241679605,73.73576324360968,pm10,92.08031065191003,Pune,MOCK_DATA
2026-01-18 23:10:14.581592,18.656572987305008,74.00978920311863,pm10,113.41224357488605,Pune,MOCK_DATA
2026-01-19 01:10:14.581606,18.62521027897507,73.78222987535635,pm10,83.74473494060518,Pune,MOCK_DATA
2026-01-18 10:10:14.581620,18.55258946739201,73.98817543722126,pm10,136.5872939475566,Pune,MOCK_DATA
2026-01-20 03:10:14.581633,18.41535981754802,73.84829134675815,pm10,131.2227902799492,Pune,MOCK_DATA
2026-01-18 12:10:14.581648,18.491649098002565,73.93896670366418,pm10,138.4976408350695,Pune,MOCK_DATA
2026-01-17 09:10:14.581661,18.393657803382478,73.78174403796795,pm10,119.4651131706876,Pune,MOCK_DATA
2026-01-19 15:10:14.581676,18.634981345880814,74.00221006205342,pm10,150.33025553023776,Pune,MOCK_DATA
2026-01-17 19:10:14.581688,18.665327047688734,73.86770385939067,pm10,160.04684913719797,Pune,MOCK_DATA
2026-01-18 00:10:14.581707,18.564383944758355,73.79319096176786,no2,62.75364968822685,Pune,MOCK_DATA
2026-01-18 18:10:14.581722,18.583274606573262,73.92491905345965,no2,107.15589927223253,Pune,MOCK_DATA
2026-01-20 00:10:14.581734,18.42668999136955,73.96617673327185,no2,99.07381823234029,Pune,MOCK_DATA
2026-01-17 08:10:14.581747,18.45300888200641,73.72057504244775,no2,69.70090561253224,Pune,MOCK_DATA
2026-01-19 17:10:14.581760,18.63846816579072,73.87849761750657,no2,89.96990256262657,Pune,MOCK_DATA
2026-01-18 09:10:14.581773,18.486126533551506,73.83941925945454,no2,75.4357979259608,Pune,MOCK_DATA
2026-01-20 02:10:14.581786,18.597137099051164,73.90443833818038,no2,102.99439991731461,Pune,MOCK_DATA
2026-01-17 17:10:14.581799,18.543770137434674,73.78090251001922,no2,106.6074421040634,Pune,MOCK_DATA
2026-01-19 00:10:14.581812,18.6482190879343,73.86448282167545,so2,28.148750877801092,Pune,MOCK_DATA
2026-01-17 17:10:14.581826,18.65490687174016,73.91468709172774,so2,22.477258773766092,Pune,MOCK_DATA
2026-01-19 01:10:14.581849,18.41195416591404,73.78395242359223,so2,41.900992502555425,Pune,MOCK_DATA
2026-01-17 23:10:14.581871,18.380617763419302,73.73993902015202,so2,52.44147992306885,Pune,MOCK_DATA
2026-01-17 12:10:14.581893,18.402828754646904,73.8612504034146,so2,53.39765951857276,Pune,MOCK_DATA
2026-01-18 23:10:14.581914,18.592878945769886,73.93569912525918,so2,36.642078881337355,Pune,MOCK_DATA
2026-01-18 07:10:14.581937,18.61256396107387,73.89514953179831,co,3.3161522156538594,Pune,MOCK_DATA
2026-01-18 11:10:14.581960,18.668444715513917,73.7908783621551,co,0.5685516439883789,Pune,MOCK_DATA
2026-01-18 05:10:14.581982,18.399482011523784,73.97575208903493,co,3.808761696890335,Pune,MOCK_DATA
2026-01-17 18:10:14.582004,18.528885867114607,73.80665053027897,co,0.7821176924323208,Pune,MOCK_DATA
2026-01-18 03:10:14.582027,18.450054147297852,73.86484344405805,co,1.682124400864413,Pune,MOCK_DATA
2026-01-19 08:10:14.582060,18.667003896351858,73.81483037827228,o3,67.01409702739367,Pune,MOCK_DATA
2026-01-18 07:10:14.582083,18.49024095421111,73.89837399374161,o3,92.31732601462866,Pune,MOCK_DATA
2026-01-19 03:10:14.582133,18.438483933679976,73.87035632784556,o3,62.67692173848242,Pune,MOCK_DATA
2026-01-17 19:10:14.582159,18.413563760082873,73.91909535994061,o3,54.60050336039852,Pune,MOCK_DATA
2026-01-19 09:10:14.582183,18.431107353046738,73.81463932139678,o3,92.95684722645221,Pune,MOCK_DATA
2026-01-19 04:10:14.582207,18.4848264306682,73.98515868526884,o3,73.22695642453513,Pune,MOCK_DATA
2026-01-18 20:10:14.582232,26.844224951867503,75.76443654916399,pm25,91.86657774815632,Jaipur,MOCK_DATA
2026-01-17 20:10:14.582254,26.763821083510237,75.6820867668107,pm25,147.78847085009082,Jaipur,MOCK_DATA
2026-01-19 05:10:14.582277,26.77143022243118,75.93857823500564,pm25,109.50751312714047,Jaipur,MOCK_DATA
2026-01-18 08:10:14.582299,26.89920370604965,75.90434590544267,pm25,179.885977655459,Jaipur,MOCK_DATA
2026-01-18 08:10:14.582321,27.047304680422684,75.65311993490403,pm25,159.96244145249904,Jaipur,MOCK_DATA
2026-01-19 05:10:14.582342,26.788864249879957,75.78223360033952,pm25,93.46430323147628,Jaipur,MOCK_DATA
2026-01-17 09:10:14.582414,27.01801289220697,75.74959647347936,pm25,115.43398178520806,Jaipur,MOCK_DATA
2026-01-18 03:10:14.582437,26.94516168713746,75.75241305006607,pm25,138.08727439100335,Jaipur,MOCK_DATA
2026-01-19 00:10:14.582456,26.816721298478953,75.89786567912769,pm25,201.97532336578743,Jaipur,MOCK_DATA
2026-01-18 19:10:14.582468,26.996675792986178,75.77701248252687,pm25,174.58308266168928,Jaipur,MOCK_DATA
2026-01-18 22:10:14.582480,26.873461771612547,75.76870115852132,pm25,142.93693433269908,Jaipur,MOCK_DATA
2026-01-17 22:10:14.582492,26.881898311522527,75.89200514621594,pm25,194.05851222149903,Jaipur,MOCK_DATA
2026-01-18 12:10:14.582505,26.777967406864963,75.70879744563193,pm25,149.04853755621016,Jaipur,MOCK_DATA
2026-01-19 23:10:14.582517,26.80935769691712,75.66176997337504,pm25,119.4026451870426,Jaipur,MOCK_DATA
2026-01-18 12:10:14.582531,26.828850147245536,75.74482318220696,pm25,187.13408131743472,Jaipur,MOCK_DATA
2026-01-19 06:10:14.582543,26.82138508530117,75.82822661988102,pm25,140.19987220543933,Jaipur,MOCK_DATA
2026-01-17 21:10:14.582555,27.006359962804684,75.71916435159005,pm25,174.4571963638527,Jaipur,MOCK_DATA
2026-01-19 19:10:14.582568,26.929435233510194,75.69588941022283,pm25,125.8524314553677,Jaipur,MOCK_DATA
2026-01-19 02:10:14.582580,26.772397724354068,75.77576027116292,pm25,135.0946704704689,Jaipur,MOCK_DATA
2026-01-19 21:10:14.582594,26.916372255437718,75.80730929500578,pm25,111.80865669390295,Jaipur,MOCK_DATA
2026-01-18 13:10:14.582606,26.880830600615376,75.88960783153834,pm25,190.09272133132652,Jaipur,MOCK_DATA
2026-01-18 21:10:14.582618,26.942641055900367,75.80208378205279,pm25,91.52613572192766,Jaipur,MOCK_DATA
2026-01-19 08:10:14.582632,26.851124170372785,75.87273683582187,pm25,115.70626639776333,Jaipur,MOCK_DATA
2026-01-20 01:10:14.582645,26.89126790037565,75.78775858729152,pm25,172.54610281307765,Jaipur,MOCK_DATA
2026-01-18 23:10:14.582657,26.894144354409214,75.90146190968395,pm25,139.534005097612,Jaipur,MOCK_DATA
2026-01-19 11:10:14.582671,26.961719061146894,75.68399154652846,pm10,236.72412510634047,Jaipur,MOCK_DATA
2026-01-20 02:10:14.582683,26.99582543980184,75.68191731820028,pm10,252.22936852241162,Jaipur,MOCK_DATA
2026-01-18 05:10:14.582696,26.929577519800485,75.64239493028191,pm10,181.19436888443505,Jaipur,MOCK_DATA
2026-01-17 18:10:14.582709,26.77666870701095,75.67270030265915,pm10,160.81168069797366,Jaipur,MOCK_DATA
2026-01-17 09:10:14.582721,27.004635413382633,75.64976703922353,pm10,298.50153098797045,Jaipur,MOCK_DATA
2026-01-18 11:10:14.582734,26.84270180748114,75.84881678121462,pm10,211.31156682419584,Jaipur,MOCK_DATA
2026-01-17 20:10:14.582747,26.875140269728252,75.6742831965911,pm10,223.1031756173754,Jaipur,MOCK_DATA
2026-01-17 17:10:14.582760,26.911295731855127,75.90423072312021,pm10,155.2476245165712,Jaipur,MOCK_DATA
2026-01-18 16:10:14.582774,26.86647484717353,75.64509996042219,pm10,262.9217613459396,Jaipur,MOCK_DATA
2026-01-19 06:10:14.582786,26.775429881374528,75.75053083491862,pm10,169.40638303743052,Jaipur,MOCK_DATA
2026-01-19 11:10:14.582805,26.953075422005632,75.87360971566554,pm10,163.59063275699216,Jaipur,MOCK_DATA
2026-01-18 07:10:14.582818,26.859304600418522,75.6456210050332,pm10,247.83510045963303,Jaipur,MOCK_DATA
2026-01-18 19:10:14.582831,26.993546740526316,75.8399057764567,no2,41.36675263312918,Jaipur,MOCK_DATA
2026-01-20 02:10:14.582844,26.808571890529112,75.65051425682812,no2,80.3744368614878,Jaipur,MOCK_DATA
2026-01-19 03:10:14.582857,26.761470364160235,75.73770574395533,no2,110.30699706970611,Jaipur,MOCK_DATA
2026-01-19 04:10:14.582870,26.87511281920775,75.84672798543136,no2,103.97584229745695,Jaipur,MOCK_DATA
2026-01-19 16:10:14.582883,26.95951484009311,75.87247139983243,no2,98.55838473154358,Jaipur,MOCK_DATA
2026-01-18 02:10:14.582896,26.88770004864568,75.80320794078997,no2,116.46921518509093,Jaipur,MOCK_DATA
2026-01-18 21:10:14.582908,26.8599148858286,75.84171877925066,no2,77.30916715590716,Jaipur,MOCK_DATA
2026-01-19 14:10:14.582921,26.78151796901277,75.85734048743667,no2,76.03239464210353,Jaipur,MOCK_DATA
2026-01-18 06:10:14.582935,27.010308828816694,75.92357960295865,so2,27.304251809807656,Jaipur,MOCK_DATA
2026-01-19 23:10:14.582948,26.868834290922933,75.80601293659474,so2,45.93649263493079,Jaipur,MOCK_DATA
2026-01-18 19:10:14.582961,27.045542957847495,75.90692856933993,so2,38.332017578634265,Jaipur,MOCK_DATA
2026-01-17 09:10:14.582975,26.92727912041428,75.72346093055317,so2,38.31112163921969,Jaipur,MOCK_DATA
2026-01-18 07:10:14.582988,26.804579957916815,75.93553710857134,so2,26.887466426090967,Jaipur,MOCK_DATA
2026-01-19 18:10:14.583001,26.935293746192244,75.64358261228172,so2,31.188285575641554,Jaipur,MOCK_DATA
2026-01-20 03:10:14.583014,26.97037046327651,75.81953498818659,co,1.810051723940695,Jaipur,MOCK_DATA
2026-01-20 07:10:14.583028,27.0215542504849,75.84671082814772,co,0.9447579496282547,Jaipur,MOCK_DATA
2026-01-17 08:10:14.583045,26.942299252204837,75.85150851453457,co,3.037721630752563,Jaipur,MOCK_DATA
2026-01-17 15:10:14.583058,26.818119267885734,75.79294613213435,co,1.5490251401149235,Jaipur,MOCK_DATA
2026-01-17 22:10:14.583072,27.035534069053792,75.71857658471174,co,4.20590863892747,Jaipur,MOCK_DATA
2026-01-17 16:10:14.583086,26.860655098807527,75.83893044219876,o3,63.69446908932149,Jaipur,MOCK_DATA
2026-01-18 02:10:14.583101,26.769147498057343,75.81137160383147,o3,44.30278711949461,Jaipur,MOCK_DATA
2026-01-17 23:10:14.583115,26.766548246632667,75.91113138712235,o3,110.41383906970874,Jaipur,MOCK_DATA
2026-01-18 23:10:14.583129,27.020070252421974,75.83462961091698,o3,87.72518860371716,Jaipur,MOCK_DATA
2026-01-18 01:10:14.583145,27.017421685372447,75.69284817944454,o3,97.57111704425895,Jaipur,MOCK_DATA
2026-01-20 01:10:14.583158,26.85596732858362,75.73714061824249,o3,69.6737924543929,Jaipur,MOCK_DATA
2026-01-18 14:10:14.583194,30.70399820922099,76.69996469606885,pm25,95.34286853791198,Chandigarh,MOCK_DATA
2026-01-20 04:10:14.583207,30.790680298069844,76.90597903552364,pm25,171.56560549742323,Chandigarh,MOCK_DATA
2026-01-18 11:10:14.583219,30.62087033713722,76.72304529664773,pm25,134.7042875034118,Chandigarh,MOCK_DATA
2026-01-17 16:10:14.583231,30.721257291293902,76.68440303906641,pm25,122.84034044085485,Chandigarh,MOCK_DATA
2026-01-17 19:10:14.583244,30.801804456929577,76.82543031715709,pm25,128.73450562626604,Chandigarh,MOCK_DATA
2026-01-19 07:10:14.583256,30.662532862140967,76.74779295271453,pm25,192.89356911069694,Chandigarh,MOCK_DATA
2026-01-20 01:10:14.583268,30.704758533287645,76.8753341824139,pm25,102.90903519443782,Chandigarh,MOCK_DATA
2026-01-19 23:10:14.583280,30.80032243805951,76.834466673553,pm25,128.68025352334996,Chandigarh,MOCK_DATA
2026-01-18 13:10:14.583292,30.800102046036436,76.63309741355276,pm25,142.9652939164299,Chandigarh,MOCK_DATA
2026-01-20 04:10:14.583304,30.681319753422535,76.65589685557654,pm25,156.31939757530125,Chandigarh,MOCK_DATA
2026-01-20 00:10:14.583318,30.606855953930403,76.70614813361469,pm25,140.93765497388634,Chandigarh,MOCK_DATA
2026-01-18 14:10:14.583331,30.672866223356284,76.63478737723001,pm25,98.23481405718084,Chandigarh,MOCK_DATA
2026-01-18 04:10:14.583343,30.72826468059428,76.70568550845933,pm25,160.55843248743093,Chandigarh,MOCK_DATA
2026-01-20 02:10:14.583355,30.765705659431465,76.68142908232696,pm25,217.48867022554236,Chandigarh,MOCK_DATA
2026-01-17 16:10:14.583367,30.86557361778712,76.90612640785177,pm25,176.0537279567733,Chandigarh,MOCK_DATA
2026-01-19 10:10:14.583379,30.582389070076054,76.87314738924512,pm25,97.46897324304157,Chandigarh,MOCK_DATA
2026-01-19 06:10:14.583391,30.73600581962419,76.70553276884002,pm25,157.1172937179771,Chandigarh,MOCK_DATA
2026-01-19 18:10:14.583403,30.826876962617998,76.8293578506576,pm25,219.6403497420553,Chandigarh,MOCK_DATA
2026-01-19 01:10:14.583416,30.636931532794847,76.65666493223675,pm25,175.74177104013782,Chandigarh,MOCK_DATA
2026-01-18 16:10:14.583428,30.796685417688188,76.84340185088877,pm25,211.8660950773077,Chandigarh,MOCK_DATA
2026-01-18 19:10:14.583440,30.595451985319983,76.8516250639995,pm25,129.12666061167363,Chandigarh,MOCK_DATA
2026-01-18 15:10:14.583452,30.758779869558314,76.81281915759195,pm25,112.28110375320746,Chandigarh,MOCK_DATA
2026-01-19 18:10:14.583465,30.686903773298436,76.87277017479224,pm25,117.6389024575862,Chandigarh,MOCK_DATA
2026-01-20 02:10:14.583477,30.61975380179228,76.9219037722131,pm25,213.82684411478817,Chandigarh,MOCK_DATA
2026-01-19 13:10:14.583489,30.714539273901277,76.68088756068329,pm25,171.98294654224313,Chandigarh,MOCK_DATA
2026-01-20 07:10:14.583503,30.633652300476406,76.7994525121344,pm10,328.2497189030718,Chandigarh,MOCK_DATA
2026-01-17 10:10:14.583516,30.733200906198338,76.83818424842094,pm10,261.52994256703965,Chandigarh,MOCK_DATA
2026-01-19 02:10:14.583529,30.73402889641831,76.79497288750547,pm10,285.12218921341554,Chandigarh,MOCK_DATA
2026-01-17 15:10:14.583541,30.787875816259877,76.71472336443033,pm10,226.58908243547108,Chandigarh,MOCK_DATA
2026-01-19 19:10:14.583554,30.632013674734743,76.80076898192702,pm10,230.6402432063745,Chandigarh,MOCK_DATA
2026-01-18 05:10:14.583568,30.854772463361673,76.88160958897657,pm10,251.7600869794611,Chandigarh,MOCK_DATA
2026-01-17 17:10:14.583580,30.604920854909725,76.83065230837738,pm10,157.4623788026252,Chandigarh,MOCK_DATA
2026-01-18 00:10:14.583593,30.718194963305862,76.81102801361202,pm10,193.68511124674097,Chandigarh,MOCK_DATA
2026-01-20 05:10:14.583606,30.76397311379981,76.68906007064207,pm10,322.5752497760447,Chandigarh,MOCK_DATA
2026-01-19 09:10:14.583618,30.748470256435024,76.86191971768785,pm10,300.4279098128312,Chandigarh,MOCK_DATA
2026-01-19 03:10:14.583631,30.705720287546626,76.8946390616483,pm10,159.35828092185645,Chandigarh,MOCK_DATA
2026-01-20 07:10:14.583644,30.69668806000939,76.83114237510891,pm10,240.99667870050507,Chandigarh,MOCK_DATA
2026-01-19 06:10:14.583657,30.77735583325309,76.65741707585698,no2,61.96982783045531,Chandigarh,MOCK_DATA
2026-01-19 00:10:14.583670,30.734620489488147,76.76325946291617,no2,54.51684964935983,Chandigarh,MOCK_DATA
2026-01-19 02:10:14.583682,30.6483187123433,76.73941169918213,no2,60.37386640588842,Chandigarh,MOCK_DATA
2026-01-20 04:10:14.583695,30.71276862760548,76.86727983367567,no2,102.85359441956113,Chandigarh,MOCK_DATA
2026-01-17 18:10:14.583708,30.69966459011116,76.90401293163173,no2,102.31317566933951,Chandigarh,MOCK_DATA
2026-01-19 22:10:14.583722,30.745873459476833,76.78585370507678,no2,88.92575949121334,Chandigarh,MOCK_DATA
2026-01-19 02:10:14.583736,30.872406180398425,76.88579589146656,no2,47.45433715868552,Chandigarh,MOCK_DATA
2026-01-17 08:10:14.583748,30.810980291889617,76.69121903871358,no2,88.12498385723413,Chandigarh,MOCK_DATA
2026-01-19 06:10:14.583762,30.69236238592093,76.70320573056142,so2,35.833984675912845,Chandigarh,MOCK_DATA
2026-01-19 15:10:14.583775,30.726960312642632,76.7382035965795,so2,30.40240635384616,Chandigarh,MOCK_DATA
2026-01-20 05:10:14.583788,30.77329464207104,76.71454634866976,so2,51.54703654649645,Chandigarh,MOCK_DATA
2026-01-20 01:10:14.583801,30.617623323883187,76.79361862357923,so2,52.538513376674935,Chandigarh,MOCK_DATA
2026-01-18 21:10:14.583816,30.814919668774497,76.64646328337093,so2,41.467137536577894,Chandigarh,MOCK_DATA
2026-01-18 03:10:14.583829,30.668210647337872,76.64792640471323,so2,35.01310194372664,Chandigarh,MOCK_DATA
2026-01-20 03:10:14.583842,30.83302065280011,76.66159104916714,co,4.31608159117742,Chandigarh,MOCK_DATA
2026-01-18 07:10:14.583856,30.652374047839064,76.79604552120884,co,2.9545677955359277,Chandigarh,MOCK_DATA
2026-01-18 04:10:14.583871,30.743772567972883,76.89373948634602,co,3.171157592933323,Chandigarh,MOCK_DATA
2026-01-20 04:10:14.583884,30.745193645448648,76.71328222332944,co,4.239644355124005,Chandigarh,MOCK_DATA
2026-01-18 15:10:14.583897,30.683801770688483,76.81720745429732,co,1.3735729140877186,Chandigarh,MOCK_DATA
2026-01-20 04:10:14.583911,30.61725140934687,76.67596301332811,o3,107.21533450099642,Chandigarh,MOCK_DATA
2026-01-19 21:10:14.583925,30.72645535173518,76.92900361193912,o3,53.88685927397324,Chandigarh,MOCK_DATA
2026-01-18 04:10:14.583939,30.846838329139697,76.78369320998758,o3,91.20699164771563,Chandigarh,MOCK_DATA
2026-01-18 14:10:14.583954,30.82022483888653,76.92306444654568,o3,52.037913668081224,Chandigarh,MOCK_DATA
2026-01-19 14:10:14.583968,30.797959995583575,76.80172295354029,o3,91.16109694586379,Chandigarh,MOCK_DATA
2026-01-18 22:10:14.583982,30.651719787089338,76.87576928547627,o3,111.77736709977283,Chandigarh,MOCK_DATA
2026-01-20 05:10:14.583995,21.16583558121569,79.06716430398026,pm25,117.38389204857393,Nagpur,MOCK_DATA
2026-01-18 20:10:14.584007,21.17613669763673,79.20828583272615,pm25,87.57302457142441,Nagpur,MOCK_DATA
2026-01-18 00:10:14.584019,21.290399710719367,78.93312739280117,pm25,74.70607260002947,Nagpur,MOCK_DATA
2026-01-19 08:10:14.584031,21.027277703451734,78.95230912394636,pm25,102.64687186413596,Nagpur,MOCK_DATA
2026-01-17 14:10:14.584044,21.14790165149521,79.02918619621794,pm25,81.06042844716421,Nagpur,MOCK_DATA
2026-01-19 03:10:14.584056,21.13698516269938,79.0226022482617,pm25,87.30614113585483,Nagpur,MOCK_DATA
2026-01-18 10:10:14.584068,21.22991236521758,79.09868841029417,pm25,114.75094064321138,Nagpur,MOCK_DATA
2026-01-19 16:10:14.584082,21.012092949025966,79.17298300799152,pm25,92.02646128765448,Nagpur,MOCK_DATA
2026-01-17 13:10:14.584094,21.225435021299443,79.09705207262385,pm25,76.32092494331053,Nagpur,MOCK_DATA
2026-01-18 01:10:14.584116,21.057292216563834,79.06408364660054,pm25,136.4643592249584,Nagpur,MOCK_DATA
2026-01-17 13:10:14.584156,21.024306579341022,78.99339975881234,pm25,138.49886623035718,Nagpur,MOCK_DATA
2026-01-17 08:10:14.584169,21.2109768972213,78.99421862699698,pm25,83.72694727808896,Nagpur,MOCK_DATA
2026-01-20 04:10:14.584181,21.090002745631786,79.15499094434762,pm25,70.48303963074638,Nagpur,MOCK_DATA
2026-01-19 19:10:14.584193,21.15774162461191,79.01988252477858,pm25,103.76032122324628,Nagpur,MOCK_DATA
2026-01-18 12:10:14.584206,21.16978958437228,79.03180418965044,pm25,106.48217520688145,Nagpur,MOCK_DATA
2026-01-19 03:10:14.584218,21.005819547251043,79.11609579887346,pm25,112.74946509365427,Nagpur,MOCK_DATA
2026-01-18 16:10:14.584230,21.134970404928403,79.03511249779311,pm25,127.76296073966245,Nagpur,MOCK_DATA
2026-01-19 16:10:14.584243,21.10682517920855,79.11560133676439,pm25,107.86991218390884,Nagpur,MOCK_DATA
2026-01-19 00:10:14.584255,21.21598729211212,79.19769082082394,pm25,73.15341069017603,Nagpur,MOCK_DATA
2026-01-19 22:10:14.584267,21.112366209056717,78.97715505086751,pm25,75.66862897317286,Nagpur,MOCK_DATA
2026-01-17 11:10:14.584279,21.030948465376536,79.03987115988578,pm25,114.24860701232942,Nagpur,MOCK_DATA
2026-01-19 12:10:14.584293,21.239086889704517,79.16765188739308,pm25,104.3290335611543,Nagpur,MOCK_DATA
2026-01-19 01:10:14.584307,21.050943356398967,78.98756475585863,pm25,120.38284766786475,Nagpur,MOCK_DATA
2026-01-17 20:10:14.584319,21.258320280013578,79.16107477124706,pm25,133.8466010636443,Nagpur,MOCK_DATA
2026-01-19 18:10:14.584331,21.03098532287724,79.04616010636354,pm25,134.1720066312775,Nagpur,MOCK_DATA
2026-01-18 19:10:14.584345,21.232625307252214,79.17295233734004,pm10,160.56667066853183,Nagpur,MOCK_DATA
2026-01-18 09:10:14.584359,21.074238247352618,79.14912117733085,pm10,203.02636162260552,Nagpur,MOCK_DATA
2026-01-19 20:10:14.584371,21.29004037611785,79.11426542405246,pm10,109.73936299564548,Nagpur,MOCK_DATA
2026-01-17 23:10:14.584384,21.087897523433885,79.13309827495225,pm10,125.54304130946802,Nagpur,MOCK_DATA
2026-01-19 00:10:14.584396,21.290862227574053,79.17963923547359,pm10,97.81275421845169,Nagpur,MOCK_DATA
2026-01-17 11:10:14.584409,21.121003555556086,79.03951601773,pm10,202.61701725042317,Nagpur,MOCK_DATA
2026-01-18 03:10:14.584421,21.169718183056666,79.1338864452771,pm10,150.80081850540046,Nagpur,MOCK_DATA
2026-01-18 22:10:14.584434,21.088920669756565,79.03667251476759,pm10,133.63781496294888,Nagpur,MOCK_DATA
2026-01-20 04:10:14.584447,21.019734153586192,79.04662886930849,pm10,133.4841250434868,Nagpur,MOCK_DATA
2026-01-18 15:10:14.584459,21.229972081543288,78.93461789250844,pm10,176.49694092256203,Nagpur,MOCK_DATA
2026-01-19 22:10:14.584472,21.246649845756384,79.16393591563693,pm10,158.8445944639175,Nagpur,MOCK_DATA
2026-01-18 11:10:14.584485,21.036492002311416,79.1777070511213,pm10,113.93038446301247,Nagpur,MOCK_DATA
2026-01-20 04:10:14.584499,21.11789295213315,79.20214707672592,no2,82.57223884685574,Nagpur,MOCK_DATA
2026-01-19 01:10:14.584512,21.1964568515227,79.18931415639048,no2,61.75324501084466,Nagpur,MOCK_DATA
2026-01-18 08:10:14.584524,21.04331174631671,78.96352973021514,no2,42.00858498748394,Nagpur,MOCK_DATA
2026-01-19 06:10:14.584537,21.208551842571524,78.9419516024504,no2,93.54520379746035,Nagpur,MOCK_DATA
2026-01-19 13:10:14.584550,21.011718904860093,79.2094711337423,no2,59.822509064305706,Nagpur,MOCK_DATA
2026-01-19 19:10:14.584564,21.166153895159553,79.1365711685886,no2,35.61781595736524,Nagpur,MOCK_DATA
2026-01-18 15:10:14.584576,21.166259817519606,78.96237194508723,no2,78.26377219959461,Nagpur,MOCK_DATA
2026-01-19 16:10:14.584588,21.155577486571584,79.10373886655445,no2,36.737662680107135,Nagpur,MOCK_DATA
2026-01-19 07:10:14.584601,21.005777135718866,79.1428403257992,so2,44.8061016620547,Nagpur,MOCK_DATA
2026-01-17 22:10:14.584615,21.115478880733804,79.11538740771776,so2,16.00253261290014,Nagpur,MOCK_DATA
2026-01-19 23:10:14.584628,21.034081030046057,79.14388372864063,so2,15.56611982932982,Nagpur,MOCK_DATA
2026-01-18 11:10:14.584641,21.29459285721522,78.98802383924733,so2,31.057861572734968,Nagpur,MOCK_DATA
2026-01-20 01:10:14.584653,21.2676075391137,79.21923531886537,so2,53.48104450567826,Nagpur,MOCK_DATA
2026-01-18 19:10:14.584666,21.027368831447497,79.02564724736754,so2,53.65940048449142,Nagpur,MOCK_DATA
2026-01-19 11:10:14.584679,21.15877514460076,79.21194146107408,co,3.482058744544637,Nagpur,MOCK_DATA
2026-01-18 21:10:14.584692,21.230767677923463,79.00556999536954,co,4.166238500553135,Nagpur,MOCK_DATA
2026-01-19 17:10:14.584705,21.139226505434845,79.063641111617,co,0.9050888023507492,Nagpur,MOCK_DATA
2026-01-19 07:10:14.584718,21.191939642742923,79.04678929548433,co,3.9575929655204636,Nagpur,MOCK_DATA
2026-01-18 17:10:14.584731,21.0022709009548,79.0648186325244,co,2.6057820385190236,Nagpur,MOCK_DATA
2026-01-19 18:10:14.584745,21.10595140654246,78.99841902555643,o3,113.7967805950868,Nagpur,MOCK_DATA
2026-01-19 06:10:14.584759,21.25150434689555,78.9840697717065,o3,76.31288399224219,Nagpur,MOCK_DATA
2026-01-17 22:10:14.584781,21.079539051501573,79.22428042474723,o3,80.24103982873794,Nagpur,MOCK_DATA
2026-01-19 20:10:14.584812,21.106447576712767,79.09536334019114,o3,99.0934596547135,Nagpur,MOCK_DATA
2026-01-19 05:10:14.584844,21.00722016956153,79.21313563419018,o3,116.59446392127016,Nagpur,MOCK_DATA
2026-01-18 13:10:14.584876,21.162679317319434,79.21149255211448,o3,101.16720494539463,Nagpur,MOCK_DATA
2026-01-19 06:10:14.584908,23.256377857057394,77.49921353296355,pm25,106.03063039867912,Bhopal,MOCK_DATA
2026-01-19 14:10:14.584935,23.312970514869598,77.43678353024164,pm25,137.34084409714455,Bhopal,MOCK_DATA
2026-01-18 09:10:14.584963,23.35232324241267,77.46067259654514,pm25,89.3908999725436,Bhopal,MOCK_DATA
2026-01-19 20:10:14.585012,23.14738993524841,77.53456137879314,pm25,73.80511916219812,Bhopal,MOCK_DATA
2026-01-20 01:10:14.585029,23.19664296845314,77.2924157605221,pm25,128.50995229084288,Bhopal,MOCK_DATA
2026-01-20 04:10:14.585042,23.121666294121884,77.31886392772489,pm25,94.76009296619128,Bhopal,MOCK_DATA
2026-01-20 04:10:14.585055,23.255274931034062,77.55027102495401,pm25,136.798579561922,Bhopal,MOCK_DATA
2026-01-17 08:10:14.585073,23.30872759135326,77.48809341699055,pm25,139.66392970470775,Bhopal,MOCK_DATA
2026-01-17 20:10:14.585093,23.372865583382918,77.4549980058141,pm25,125.65663861217216,Bhopal,MOCK_DATA
2026-01-20 06:10:14.585123,23.174063352902035,77.41254316509787,pm25,127.23274782779663,Bhopal,MOCK_DATA
2026-01-18 14:10:14.585149,23.400039942908265,77.41639329478674,pm25,140.16758837638372,Bhopal,MOCK_DATA
2026-01-18 11:10:14.585176,23.129412550169285,77.48888672533508,pm25,84.39990667256077,Bhopal,MOCK_DATA
2026-01-18 17:10:14.585358,23.285897296296056,77.32262104802544,pm25,138.55017091908508,Bhopal,MOCK_DATA
2026-01-19 10:10:14.585403,23.15819716267937,77.27301561582385,pm25,121.10385960559563,Bhopal,MOCK_DATA
2026-01-20 03:10:14.585434,23.349513380293327,77.48200083679222,pm25,149.54580551187536,Bhopal,MOCK_DATA
2026-01-20 05:10:14.585464,23.186378921983156,77.35217029821843,pm25,96.41297432005521,Bhopal,MOCK_DATA
2026-01-18 01:10:14.585493,23.216251279558033,77.39395389607749,pm25,104.90328168362899,Bhopal,MOCK_DATA
2026-01-17 12:10:14.585663,23.145987465870043,77.29461178397061,pm25,77.67930250199672,Bhopal,MOCK_DATA
2026-01-18 03:10:14.585828,23.25335585407846,77.51534827063338,pm25,125.42598611251451,Bhopal,MOCK_DATA
2026-01-17 15:10:14.585893,23.21208599669114,77.28754256542858,pm25,122.58710241806426,Bhopal,MOCK_DATA
2026-01-19 06:10:14.585922,23.21216696285665,77.39324167152515,pm25,131.62342156983024,Bhopal,MOCK_DATA
2026-01-19 04:10:14.585948,23.319381898278465,77.47577060772157,pm25,122.66127102647098,Bhopal,MOCK_DATA
2026-01-19 17:10:14.585974,23.170741705764335,77.27155480110629,pm25,133.40596227418328,Bhopal,MOCK_DATA
2026-01-18 08:10:14.586012,23.142465518065336,77.29180253068662,pm25,93.23081670424916,Bhopal,MOCK_DATA
2026-01-18 02:10:14.586040,23.110655472934795,77.30888758723562,pm25,85.25055760719147,Bhopal,MOCK_DATA
2026-01-18 08:10:14.586069,23.38289241776105,77.29047006236301,pm10,196.51121963879615,Bhopal,MOCK_DATA
2026-01-19 16:10:14.586094,23.20357412033277,77.27973553145411,pm10,223.44289218203397,Bhopal,MOCK_DATA
2026-01-17 10:10:14.586122,23.350356385722822,77.36995959342535,pm10,134.71306132405692,Bhopal,MOCK_DATA
2026-01-20 02:10:14.586151,23.302019608629212,77.41962704558368,pm10,178.4686234434827,Bhopal,MOCK_DATA
2026-01-19 11:10:14.586181,23.406449743249286,77.26906648764904,pm10,214.25893176637214,Bhopal,MOCK_DATA
2026-01-19 05:10:14.586207,23.39881886852345,77.53655458315383,pm10,175.40406422732326,Bhopal,MOCK_DATA
2026-01-18 01:10:14.586235,23.110124617459633,77.30292678258985,pm10,200.87620147502597,Bhopal,MOCK_DATA
2026-01-19 02:10:14.586263,23.292165051911155,77.42364455487098,pm10,155.80614059098934,Bhopal,MOCK_DATA
2026-01-19 01:10:14.586282,23.171969104942082,77.31045967697486,pm10,125.30436575250876,Bhopal,MOCK_DATA
2026-01-19 09:10:14.586304,23.293625409137015,77.39248479194097,pm10,146.40100225774987,Bhopal,MOCK_DATA
2026-01-18 19:10:14.586329,23.229384628968525,77.29576227713093,pm10,110.89128772889218,Bhopal,MOCK_DATA
2026-01-20 05:10:14.586353,23.348584385285704,77.5009315879969,pm10,160.00646987361438,Bhopal,MOCK_DATA
2026-01-20 03:10:14.586386,23.30597093366231,77.53102416570228,no2,101.11878111049509,Bhopal,MOCK_DATA
2026-01-18 12:10:14.586407,23.24617177395571,77.5571281232772,no2,92.38977970476947,Bhopal,MOCK_DATA
2026-01-19 06:10:14.586424,23.15666750276657,77.28750855829574,no2,60.59809781720319,Bhopal,MOCK_DATA
2026-01-19 19:10:14.586439,23.267163870999816,77.47278347791568,no2,52.92453631643605,Bhopal,MOCK_DATA
2026-01-19 04:10:14.586455,23.25808702062309,77.5573176185747,no2,45.191260446670526,Bhopal,MOCK_DATA
2026-01-18 14:10:14.586475,23.361192107831716,77.51180909584225,no2,70.85958111452209,Bhopal,MOCK_DATA
2026-01-18 15:10:14.586490,23.287022814701253,77.44336615058941,no2,41.670400480102536,Bhopal,MOCK_DATA
2026-01-17 12:10:14.586506,23.289863203316937,77.41209885310538,no2,62.15955713446826,Bhopal,MOCK_DATA
2026-01-17 22:10:14.586526,23.231306502371613,77.47551531781866,so2,40.329872361864446,Bhopal,MOCK_DATA
2026-01-17 12:10:14.586546,23.273871511597484,77.52584800482936,so2,21.405037412434183,Bhopal,MOCK_DATA
2026-01-18 02:10:14.586565,23.22089279861775,77.26761899050385,so2,48.610837677374995,Bhopal,MOCK_DATA
2026-01-18 18:10:14.586586,23.15082208692928,77.47489560970115,so2,46.10331199574767,Bhopal,MOCK_DATA
2026-01-19 09:10:14.586665,23.22610429343144,77.33367529759886,so2,30.788548750324818,Bhopal,MOCK_DATA
2026-01-19 02:10:14.586700,23.112817393741505,77.35139011579848,so2,47.84237880522325,Bhopal,MOCK_DATA
2026-01-18 13:10:14.586733,23.164100104076113,77.48866437516266,co,4.204247783438555,Bhopal,MOCK_DATA
2026-01-18 10:10:14.586813,23.15345422402132,77.53864784387977,co,3.4289869294576043,Bhopal,MOCK_DATA
2026-01-18 08:10:14.586838,23.132511286556735,77.31595048640585,co,1.3533270893544846,Bhopal,MOCK_DATA
2026-01-18 03:10:14.586854,23.143158612462262,77.46841400531082,co,1.1695275700434768,Bhopal,MOCK_DATA
2026-01-18 09:10:14.586871,23.390076070703074,77.31592559973957,co,4.165600839388608,Bhopal,MOCK_DATA
2026-01-19 01:10:14.586889,23.3513217234219,77.53027662912382,o3,58.47384082378128,Bhopal,MOCK_DATA
2026-01-18 06:10:14.586908,23.188405580010752,77.3553769309992,o3,67.58574092671148,Bhopal,MOCK_DATA
2026-01-19 20:10:14.586925,23.389772196705167,77.43614895532383,o3,59.530719832931695,Bhopal,MOCK_DATA
2026-01-19 04:10:14.586943,23.138842660053225,77.33798400531583,o3,112.75085739512693,Bhopal,MOCK_DATA
2026-01-18 21:10:14.586961,23.15464506571634,77.55191426139793,o3,54.7280822481561,Bhopal,MOCK_DATA
2026-01-20 03:10:14.586978,23.334284027898324,77.40706296652222,o3,102.95854094093939,Bhopal,MOCK_DATA
2026-01-18 12:10:14.587001,25.557079394281125,85.02051825551628,pm25,196.13782119079963,Patna,MOCK_DATA
2026-01-18 01:10:14.587019,25.50454847972481,85.22101810936846,pm25,181.9666207220303,Patna,MOCK_DATA
2026-01-19 04:10:14.587044,25.471090249050246,85.10724269963146,pm25,153.2731681297377,Patna,MOCK_DATA
2026-01-18 10:10:14.587070,25.467032576148977,85.28514708963498,pm25,133.55609977318215,Patna,MOCK_DATA
2026-01-17 20:10:14.587088,25.530157003134438,84.99007326039444,pm25,175.8134734178185,Patna,MOCK_DATA
2026-01-17 22:10:14.587102,25.616891467927402,85.14913026634542,pm25,128.38222678228792,Patna,MOCK_DATA
2026-01-20 01:10:14.587117,25.489278607574796,85.07925536238679,pm25,155.326546454119,Patna,MOCK_DATA
2026-01-17 13:10:14.587132,25.633248412606434,85.03490289587894,pm25,209.82523963991332,Patna,MOCK_DATA
2026-01-19 00:10:14.587147,25.462678109026246,85.16431201562847,pm25,206.72760317494183,Patna,MOCK_DATA
2026-01-18 23:10:14.587168,25.725177674075333,85.01136537041866,pm25,185.41291867152032,Patna,MOCK_DATA
2026-01-18 07:10:14.587193,25.558011360983667,85.10412845895787,pm25,215.92634967225257,Patna,MOCK_DATA
2026-01-17 16:10:14.587241,25.484684180862633,85.14597992881366,pm25,191.00642818431555,Patna,MOCK_DATA
2026-01-18 17:10:14.587272,25.545419348589068,85.26752316000163,pm25,125.90756045782484,Patna,MOCK_DATA
2026-01-17 09:10:14.587304,25.688861560818722,85.07606018029459,pm25,162.467003407898,Patna,MOCK_DATA
2026-01-19 13:10:14.587345,25.57008954326261,85.25439904861622,pm25,174.9266266102279,Patna,MOCK_DATA
2026-01-18 17:10:14.587379,25.501015580236498,85.25220443243965,pm25,201.221348388898,Patna,MOCK_DATA
2026-01-18 13:10:14.587408,25.718132162062027,85.1426468361812,pm25,187.66178924898213,Patna,MOCK_DATA
2026-01-17 11:10:14.587438,25.650886652712977,85.10908565019186,pm25,134.2060507558175,Patna,MOCK_DATA
2026-01-18 02:10:14.587467,25.695298228651737,85.20106653832778,pm25,200.55437071623507,Patna,MOCK_DATA
2026-01-18 22:10:14.587504,25.613278357637505,85.00004220036261,pm25,207.2899589845116,Patna,MOCK_DATA
2026-01-20 04:10:14.587529,25.704970438538453,85.08489713637296,pm25,149.68344937533925,Patna,MOCK_DATA
2026-01-19 00:10:14.587623,25.441041338266665,85.17317040964026,pm25,170.94603117302825,Patna,MOCK_DATA
2026-01-17 11:10:14.587709,25.67066660197951,85.19765718562692,pm25,215.2946371287354,Patna,MOCK_DATA
2026-01-18 19:10:14.587774,25.72263599487714,85.22215365251296,pm25,197.9960189737729,Patna,MOCK_DATA
2026-01-17 20:10:14.587821,25.67566352676464,85.04028439660058,pm25,174.88623979807642,Patna,MOCK_DATA
2026-01-18 21:10:14.587975,25.557367246379957,85.1381724740567,pm10,327.97263197857353,Patna,MOCK_DATA
2026-01-18 06:10:14.588029,25.529034467236016,85.2474880243854,pm10,248.05307340623307,Patna,MOCK_DATA
2026-01-19 21:10:14.588076,25.70707259900405,85.03840780604952,pm10,218.04279233679853,Patna,MOCK_DATA
2026-01-19 18:10:14.588115,25.4567304830604,85.0446125409484,pm10,227.2553173071471,Patna,MOCK_DATA
2026-01-18 23:10:14.588154,25.677486442302047,85.04369723934944,pm10,181.23095488148948,Patna,MOCK_DATA
2026-01-18 20:10:14.588193,25.72362383768734,85.20627940419863,pm10,266.028661272422,Patna,MOCK_DATA
2026-01-17 18:10:14.588229,25.580233577261495,85.08480682234129,pm10,227.32128975304636,Patna,MOCK_DATA
2026-01-18 06:10:14.588267,25.659561968663496,85.27049992331966,pm10,272.2300095250341,Patna,MOCK_DATA
2026-01-18 02:10:14.588306,25.4805641831389,84.99097843150793,pm10,239.58396666906853,Patna,MOCK_DATA
2026-01-18 21:10:14.588346,25.443946045036547,85.05340156103502,pm10,195.86077192258202,Patna,MOCK_DATA
2026-01-18 20:10:14.588388,25.728969646211677,85.00736942687688,pm10,164.2975209665289,Patna,MOCK_DATA
2026-01-18 21:10:14.588415,25.474856702017412,85.04003890283671,pm10,151.65075042451693,Patna,MOCK_DATA
2026-01-19 16:10:14.588442,25.53784676864209,85.15188237295847,no2,46.98117062336517,Patna,MOCK_DATA
2026-01-19 12:10:14.588468,25.478097186266137,85.11607712762779,no2,59.472915099354765,Patna,MOCK_DATA
2026-01-17 12:10:14.588501,25.657569443205507,85.22148816372555,no2,68.12821785889048,Patna,MOCK_DATA
2026-01-19 22:10:14.588539,25.490230147933055,85.03742427656265,no2,103.83827110615618,Patna,MOCK_DATA
2026-01-18 20:10:14.588584,25.566639891278776,85.09641513373333,no2,57.96782547706809,Patna,MOCK_DATA
2026-01-17 09:10:14.588630,25.66294654801893,85.1598556203323,no2,89.39115889013762,Patna,MOCK_DATA
2026-01-19 19:10:14.588672,25.72640507377997,85.01105302854941,no2,56.90262841049909,Patna,MOCK_DATA
2026-01-20 05:10:14.588709,25.734320451739432,85.1578531102563,no2,111.51749399323644,Patna,MOCK_DATA
2026-01-19 23:10:14.588751,25.698321250991395,85.13974793918085,so2,47.258373076610575,Patna,MOCK_DATA
2026-01-18 10:10:14.588790,25.707747087938206,85.06800049435539,so2,22.1631544502281,Patna,MOCK_DATA
2026-01-18 11:10:14.588834,25.513633770473017,85.1182977132408,so2,24.215904478814668,Patna,MOCK_DATA
2026-01-17 12:10:14.588862,25.734954188757072,85.14230676633055,so2,27.52728120766783,Patna,MOCK_DATA
2026-01-20 03:10:14.588889,25.50054694843121,85.1610927841669,so2,59.14732412720339,Patna,MOCK_DATA
2026-01-18 19:10:14.588916,25.44860494463794,85.1224333369506,so2,30.608810072483948,Patna,MOCK_DATA
2026-01-17 12:10:14.588943,25.669491593476685,85.19039072499702,co,3.2354354958388933,Patna,MOCK_DATA
2026-01-19 18:10:14.588970,25.543810506572825,85.25935257851742,co,2.9237686200076523,Patna,MOCK_DATA
2026-01-17 11:10:14.588990,25.603694333784624,85.23037054289603,co,2.4820246226244698,Patna,MOCK_DATA
2026-01-19 16:10:14.589006,25.721237307408646,85.0049713288134,co,1.9871703848052917,Patna,MOCK_DATA
2026-01-19 13:10:14.589029,25.644642957090557,85.15379532760598,co,4.818558218052185,Patna,MOCK_DATA
2026-01-20 02:10:14.589046,25.51832134211392,85.17733153158895,o3,81.21855852963479,Patna,MOCK_DATA
2026-01-17 23:10:14.589063,25.49641769015544,85.12233312463022,o3,95.91832041491097,Patna,MOCK_DATA
2026-01-18 01:10:14.589084,25.51425452112534,85.17346865925148,o3,50.18258014515081,Patna,MOCK_DATA
2026-01-19 22:10:14.589100,25.734766528998232,85.18170803961465,o3,104.11606108772271,Patna,MOCK_DATA
2026-01-18 14:10:14.589117,25.47342662409721,85.04400258347695,o3,105.60859372227827,Patna,MOCK_DATA
2026-01-18 15:10:14.589134,25.53846845924803,85.25261980762244,o3,40.97869674662553,Patna,MOCK_DATA
2026-01-19 07:10:14.589152,26.92899486611168,81.07627584755704,pm25,174.88125721269483,Lucknow,MOCK_DATA
2026-01-19 15:10:14.589167,26.866092401310166,80.83223058449883,pm25,217.68776381134052,Lucknow,MOCK_DATA
2026-01-18 19:10:14.589184,26.850392762485615,80.93652467011933,pm25,132.67124095745376,Lucknow,MOCK_DATA
2026-01-19 16:10:14.589251,26.766320070868,81.04932314597772,pm25,157.67118199529278,Lucknow,MOCK_DATA
2026-01-17 23:10:14.589267,26.806413854615148,80.84102491592324,pm25,208.5669960295388,Lucknow,MOCK_DATA
2026-01-18 15:10:14.589284,26.921097089485205,80.82208444217193,pm25,188.9265180137125,Lucknow,MOCK_DATA
2026-01-18 13:10:14.589301,26.78620592498575,81.05941431815016,pm25,195.99373891813215,Lucknow,MOCK_DATA
2026-01-18 13:10:14.589316,26.95223557935726,80.99437258060556,pm25,217.7839795602881,Lucknow,MOCK_DATA
2026-01-20 06:10:14.589330,26.790870869478777,80.84091417188567,pm25,196.14224654835851,Lucknow,MOCK_DATA
2026-01-17 22:10:14.589345,26.92497675099095,80.96607689486872,pm25,217.46860469840283,Lucknow,MOCK_DATA
2026-01-17 12:10:14.589360,26.79573029105074,80.97731714480094,pm25,187.1503669198484,Lucknow,MOCK_DATA
2026-01-19 17:10:14.589375,26.817664553244825,81.0157053264031,pm25,137.52046774144264,Lucknow,MOCK_DATA
2026-01-18 07:10:14.589389,26.73942604256138,81.04957221391211,pm25,110.34761624968112,Lucknow,MOCK_DATA
2026-01-17 22:10:14.589405,26.919021778759813,80.96745015390714,pm25,193.31734203789193,Lucknow,MOCK_DATA
2026-01-17 09:10:14.589420,26.854558127444243,80.83575762905828,pm25,208.23618357442314,Lucknow,MOCK_DATA
2026-01-19 22:10:14.589434,26.772169989146793,80.89885928560035,pm25,144.2935603953709,Lucknow,MOCK_DATA
2026-01-18 20:10:14.589451,26.76644863233454,80.83767599268494,pm25,103.50155692325369,Lucknow,MOCK_DATA
2026-01-19 11:10:14.589465,26.809685880125038,80.86543018537246,pm25,169.3452112942121,Lucknow,MOCK_DATA
2026-01-17 13:10:14.589481,26.799558973817852,81.01059268028251,pm25,194.9466012354123,Lucknow,MOCK_DATA
2026-01-19 22:10:14.589493,26.948199862315445,80.85869348150997,pm25,172.80448522319665,Lucknow,MOCK_DATA
2026-01-20 04:10:14.589505,26.870440099825238,80.9370374345438,pm25,168.53492506315743,Lucknow,MOCK_DATA
2026-01-17 22:10:14.589518,26.826831876978336,81.04975096464273,pm25,119.77963119559716,Lucknow,MOCK_DATA
2026-01-19 04:10:14.589530,26.809787822854403,81.03637609857007,pm25,218.58087662814503,Lucknow,MOCK_DATA
2026-01-19 08:10:14.589542,26.813279388117564,81.0936899004605,pm25,220.68994853537257,Lucknow,MOCK_DATA
2026-01-17 10:10:14.589554,26.979904756378147,80.87630547986682,pm25,135.64650224516632,Lucknow,MOCK_DATA
2026-01-20 07:10:14.589570,26.89185054713991,80.91372195055187,pm10,171.3127845255363,Lucknow,MOCK_DATA
2026-01-19 17:10:14.589586,26.97123542373813,80.89068831364298,pm10,291.63865467996857,Lucknow,MOCK_DATA
2026-01-18 17:10:14.589602,26.737357956914646,81.04309880614632,pm10,255.68108802417737,Lucknow,MOCK_DATA
2026-01-18 22:10:14.589617,26.795409426292768,81.09536410589466,pm10,331.9785436809316,Lucknow,MOCK_DATA
2026-01-19 10:10:14.589632,26.951746496310292,80.9771926818286,pm10,307.32863622498735,Lucknow,MOCK_DATA
2026-01-19 04:10:14.589647,26.745499601412646,81.05156532357915,pm10,213.76027073645864,Lucknow,MOCK_DATA
2026-01-19 02:10:14.589662,26.721441683570955,80.96601368186955,pm10,289.44622516250934,Lucknow,MOCK_DATA
2026-01-17 18:10:14.589677,26.81033050744177,80.87705769631914,pm10,286.4799923864025,Lucknow,MOCK_DATA
2026-01-17 11:10:14.589692,26.860382089404577,80.8473170986928,pm10,289.9049318528216,Lucknow,MOCK_DATA
2026-01-18 04:10:14.589707,26.791607151301086,81.06015909466456,pm10,332.0073287470949,Lucknow,MOCK_DATA
2026-01-19 02:10:14.589727,26.72340887273729,80.96875918563053,pm10,245.71712073898567,Lucknow,MOCK_DATA
2026-01-17 20:10:14.589740,26.952235573775425,80.8512177225016,pm10,308.81404795560184,Lucknow,MOCK_DATA
2026-01-18 09:10:14.589754,26.861178786585054,80.91800960485911,no2,31.607120962049002,Lucknow,MOCK_DATA
2026-01-17 11:10:14.589767,26.83894888868015,80.92012541955619,no2,48.12985925111328,Lucknow,MOCK_DATA
2026-01-18 02:10:14.589780,26.871782843934568,81.07279565117325,no2,35.290947720195184,Lucknow,MOCK_DATA
2026-01-19 01:10:14.589794,26.816484245939375,81.05246825620848,no2,39.83763494607756,Lucknow,MOCK_DATA
2026-01-19 01:10:14.589807,26.97278023698313,80.85557291522659,no2,61.779163193235924,Lucknow,MOCK_DATA
2026-01-19 15:10:14.589821,26.997321034906854,80.88838603741264,no2,95.60838153890023,Lucknow,MOCK_DATA
2026-01-18 00:10:14.589835,26.764720590772118,81.00485112244407,no2,53.93412170401639,Lucknow,MOCK_DATA
2026-01-18 01:10:14.589872,26.70426136554349,80.88124674080888,no2,61.599550635110354,Lucknow,MOCK_DATA
2026-01-18 16:10:14.589887,26.79721279404292,80.99029407595786,so2,18.16462095025742,Lucknow,MOCK_DATA
2026-01-17 11:10:14.589901,26.981446618758145,80.93874823187514,so2,55.74807037485614,Lucknow,MOCK_DATA
2026-01-19 23:10:14.589916,26.723962794277014,81.07228611744145,so2,58.695032401854746,Lucknow,MOCK_DATA
2026-01-17 08:10:14.589929,26.96661042669638,80.82748953637164,so2,24.69557396398563,Lucknow,MOCK_DATA
2026-01-18 14:10:14.589944,26.931985197259035,80.8157114259877,so2,27.97715557678754,Lucknow,MOCK_DATA
2026-01-17 13:10:14.589957,26.81894091131616,81.08260843848356,so2,58.53467558586645,Lucknow,MOCK_DATA
2026-01-19 16:10:14.589971,26.86799020778464,81.04022798665866,co,0.6718511337599631,Lucknow,MOCK_DATA
2026-01-17 13:10:14.589984,26.835349684451522,80.94895152805407,co,3.0479412576419893,Lucknow,MOCK_DATA
2026-01-17 13:10:14.589998,26.89787219386866,80.93605406117456,co,3.4074380024816824,Lucknow,MOCK_DATA
2026-01-20 06:10:14.590012,26.7722384736334,80.97047503563664,co,3.021942757596617,Lucknow,MOCK_DATA
2026-01-17 18:10:14.590027,26.765737760771923,81.04154889132076,co,1.2026282627490377,Lucknow,MOCK_DATA
2026-01-19 12:10:14.590042,26.7155256202053,80.91775351016842,o3,94.32048674859962,Lucknow,MOCK_DATA
2026-01-18 16:10:14.590055,26.862374815520834,81.0165972152011,o3,108.89538124309338,Lucknow,MOCK_DATA
2026-01-20 01:10:14.590069,26.834416323882195,80.99405101822477,o3,88.24237717317175,Lucknow,MOCK_DATA
2026-01-18 19:10:14.590083,26.841678647132454,80.90757264489588,o3,70.35850903520316,Lucknow,MOCK_DATA
2026-01-19 19:10:14.590097,26.96587641223818,80.80753022765344,o3,64.34678817123574,Lucknow,MOCK_DATA
2026-01-17 19:10:14.590110,26.94180752410665,80.92212786314067,o3,72.06094020514365,Lucknow,MOCK_DATA
